,A1BG,A2M,A2ML1,A4GALT,AAAS,AACS,AADAT,AAGAB,AAK1,AAMDC,AAMP,AANAT,AAR2,AARD,AARS2,AARSD1,AASDH,AASDHPPT,AASS,AATF,AATK,ABAT,ABCA1,ABCA10,ABCA2,ABCA3,ABCA5,ABCA6,ABCA7,ABCA8,ABCA9,ABCB1,ABCB10,ABCB4,ABCB7,ABCB8,ABCB9,ABCC1,ABCC10,ABCC11,ABCC3,ABCC4,ABCC5,ABCC6,ABCC8,ABCC9,ABCD1,ABCD2,ABCD3,ABCD4,ABCE1,ABCF1,ABCF2,ABCF3,ABCG1,ABCG2,ABHD1,ABHD10,ABHD11,ABHD12,ABHD12B,ABHD13,ABHD14A,ABHD14B,ABHD15,ABHD16A,ABHD17A,ABHD17B,ABHD17C,ABHD18,ABHD2,ABHD3,ABHD4,ABHD5,ABHD6,ABHD8,ABI1,ABI2,ABI3,ABI3BP,ABL1,ABL2,ABLIM1,ABLIM2,ABLIM3,ABO,ABR,ABRACL,ABT1,ABTB1,ABTB2,AC034228.3,ACAA1,ACAA2,ACACA,ACACB,ACAD10,ACAD8,ACAD9,ACADL
TCGA-HT-7691,0.0129,115.0395,0.1463,3.399,6.5685,1.0273,6.5015,8.3413,1.9331,3.7896,46.8733,0.1672,13.865,0.2142,3.2939,0.1483,3.8097,9.7671,6.524,9.5095,1.1124,70.5779,10.8676,0.0735,10.1817,17.0605,1.2275,0.0546,0.3633,0.3419,0.0989,7.0104,3.2574,0.3753,5.2541,4.1053,0.5553,1.5737,2.0375,0.2533,1.271,1.4481,2.803,0.4234,0.5318,0.5925,2.4381,5.6567,15.7154,5.6309,7.528,15.0833,5.3242,11.2898,6.0877,14.8629,0.7043,13.0345,10.2953,30.5991,1.3917,4.2288,3.1253,11.8263,3.7994,0.2791,6.5726,7.5082,17.9651,1.2053,32.5087,7.7845,38.3719,7.0964,12.4959,11.17,32.1018,11.2046,10.5763,1.8402,13.6983,2.1423,37.9044,0.7961,13.3438,0.0954,19.3159,3.9853,7.955,7.2169,6.8986,0.0,10.635,11.7147,9.8947,4.5971,2.1709,7.0212,9.2781,1.0528
TCGA-S9-A7J0,0.1412,49.9329,0.9149,0.6226,18.793,1.7279,6.3151,9.0209,2.6138,3.1182,42.0265,0.1628,10.0395,0.0317,7.7208,0.7952,3.102,9.8766,13.4656,21.2864,5.4248,15.1416,6.5481,0.8189,22.7211,28.4316,0.312,0.5088,0.5808,4.6586,0.4803,2.4263,5.8033,0.2468,5.1866,5.9566,0.5385,5.0329,6.2124,0.045,0.4936,1.4361,5.9285,0.1475,0.7407,0.293,3.3345,1.5261,11.2738,5.4291,7.0766,32.0122,6.0594,8.1654,4.9565,5.808,0.2142,13.6371,5.4804,16.1742,0.2213,2.1572,1.0846,2.8678,1.298,0.7407,9.5236,9.0495,4.7596,1.0512,22.2064,3.744,13.4012,2.2348,7.1529,2.1953,35.9854,8.377,4.6683,5.4549,28.6737,3.3478,20.6354,0.9083,4.0217,0.073,13.1032,11.5431,9.7851,4.5523,3.4871,0.0,3.6381,7.6957,11.43,0.6365,3.8212,11.4034,9.8578,0.1037
TCGA-HT-7605,0.0848,59.6568,2.4094,1.0816,8.3025,2.5086,4.5728,10.6078,4.6943,2.3857,46.8937,0.1835,14.4286,0.341,4.2489,0.2213,3.5164,13.1177,6.1416,11.251,10.9932,60.7477,11.653,0.0773,48.2924,28.225,1.2556,0.6578,1.114,7.0499,0.4683,5.3277,3.6391,0.2066,3.5278,4.7486,1.2271,2.1111,2.1582,0.247,0.075,3.6637,5.4988,0.5362,9.2667,3.1985,1.5273,2.7321,7.4511,5.2921,8.7316,20.4599,5.1318,13.0115,6.2824,13.0804,0.293,16.5003,6.3716,31.8524,0.7049,3.184,4.7068,6.2816,1.72,0.3134,5.9162,10.6531,12.2156,1.5024,14.9255,5.2593,32.0011,5.2619,17.3413,16.8255,26.3617,13.1627,2.2766,3.5106,18.7539,3.6574,45.8133,6.3969,14.9109,0.1353,42.5781,5.2204,5.676,6.6701,12.2863,0.0,7.7722,4.5471,12.167,1.5599,2.6322,7.4244,7.7047,0.1317
TCGA-HT-A4DS,0.0826,104.6179,1.7288,1.3337,16.4954,1.6159,3.0036,8.3659,1.5708,3.5709,77.7954,1.0727,17.5326,0.0916,3.2985,0.3865,2.6661,5.1736,10.946,14.4625,2.577,12.635,7.2496,0.048,25.5479,26.9309,0.5943,0.0648,2.4726,0.9173,0.0285,1.5206,3.6384,0.7458,4.9002,12.288,1.3147,1.5422,1.9747,0.0997,0.8705,1.5188,4.7871,0.1642,0.312,0.4266,7.5622,2.5855,9.7735,6.3818,5.148,20.8131,12.9463,18.5422,4.5221,3.1848,0.9515,18.2947,18.4756,53.308,0.0726,2.5151,12.3038,18.4425,2.9331,0.0543,17.4231,5.0034,6.7337,0.8265,8.875,3.0557,15.469,5.1811,4.7292,24.3323,12.7417,8.3579,33.9639,1.1437,11.5028,2.1865,13.2404,3.0721,2.2662,0.136,18.7128,11.3974,8.3575,12.1256,2.1985,0.0,14.863,16.199,3.2899,2.5916,3.4927,6.7689,9.5361,0.3206
TCGA-P5-A5EW,0.2058,110.5513,1.5696,0.8209,7.5943,0.9325,5.3335,5.9608,1.9742,2.5411,51.6625,0.1431,18.4625,0.0428,4.4778,0.15,3.7042,13.7456,8.2702,21.2334,4.9709,93.6386,31.4376,0.0098,20.2467,28.7044,0.1032,0.5522,0.4526,2.0671,0.1847,4.2573,3.1812,0.2582,6.213,3.6909,0.2399,2.0464,2.4116,0.1992,0.0257,2.2815,3.2745,0.6737,2.8338,2.4776,3.9076,1.0237,17.4359,5.4116,10.5097,24.2006,5.0972,12.6506,6.0866,10.5615,0.3377,16.8669,3.8825,11.9923,0.1311,4.2708,3.3912,4.6077,2.8101,0.1977,6.0318,9.6442,15.8155,2.0428,12.7728,4.8193,24.2467,5.9869,24.2269,10.0291,46.0701,13.1502,4.4277,5.0765,33.8334,4.1541,55.0244,0.6506,4.0774,0.1969,31.3747,2.1712,6.1514,3.72,1.8439,0.0,9.8489,3.9472,10.3034,0.9644,2.0333,9.0828,6.7845,0.3913
TCGA-QH-A6CS,0.096,88.1014,7.3651,1.6076,8.1675,1.1389,5.0653,13.2623,2.1493,2.1068,49.0761,0.6408,16.204,0.1703,3.6898,0.2625,4.189,12.2789,5.8319,13.9599,18.6688,98.0882,13.2605,0.1492,102.7087,28.9977,2.5939,0.2801,1.6486,6.4497,0.3657,3.3385,2.4818,0.3609,6.3342,7.9144,1.0934,2.8584,1.4078,0.1571,0.6573,2.3186,2.733,0.2104,1.9817,1.6982,3.5317,7.2524,14.5688,5.0585,7.2737,13.3843,7.1576,14.2935,6.7421,8.0518,0.8786,20.8839,26.7473,28.0583,0.8152,2.9615,4.7447,17.3615,4.4693,0.1387,8.0204,18.1342,13.683,1.3504,18.0705,2.5485,18.7266,5.4434,15.6181,14.177,15.0974,6.1085,8.9187,7.0733,21.4508,1.5591,15.452,2.585,10.6978,0.1422,36.2648,4.2079,4.6423,6.4305,5.517,0.0,15.1904,36.4533,5.4188,4.0798,6.6411,9.7367,10.3652,0.432
TCGA-DU-5849,0.0412,72.9117,1.2589,1.8033,10.0931,2.4092,5.0922,9.0557,3.5875,1.9826,53.98,0.1182,13.3891,0.106,5.7588,0.2185,3.4171,12.0326,8.4347,13.2589,16.7453,75.252,12.3065,0.0642,77.2166,41.6922,1.064,0.2033,0.6658,4.1131,0.5232,6.876,3.382,0.1047,4.0937,5.82,1.1909,2.6114,2.4206,0.1858,0.2447,2.5691,5.1607,0.2984,9.4437,1.7046,2.3343,1.6538,7.1548,4.8518,8.9541,23.2703,7.8781,12.9768,8.8107,12.4846,0.2687,14.7413,5.8411,27.458,0.5632,2.9284,4.3303,6.6291,1.5968,0.3028,7.8702,11.6012,9.9457,1.7655,18.7377,3.6323,21.4339,4.6842,18.6195,15.5644,24.2105,10.4765,2.8698,3.2509,27.1011,3.3177,35.5906,6.3131,11.3086,0.2384,36.6486,3.7044,6.1881,5.5646,4.919,0.0,6.463,4.6947,12.5188,1.4787,2.3337,6.5189,8.0262,0.16
TCGA-S9-A6WE,0.0886,53.6002,0.8998,1.148,11.1658,0.7769,7.8438,7.3469,2.2068,4.2039,56.1751,0.0966,17.8537,0.13,3.7485,0.27,4.4414,14.9918,4.24,14.885,4.7819,113.6209,4.5135,0.0174,19.0734,23.6434,0.4402,0.206,0.3954,3.1702,0.4687,3.8611,3.3834,0.3155,5.1433,4.2072,0.5519,1.7388,2.0896,0.1033,0.0412,2.6514,5.0988,0.3787,3.7096,1.1445,2.2273,0.8348,6.9956,6.6585,8.9493,24.429,4.3832,14.7865,17.0415,10.3888,0.216,17.6283,4.4788,26.1872,0.1053,3.5572,5.0121,5.8141,1.0502,0.4312,6.806,13.2941,10.6719,1.3048,27.5221,4.7036,38.6025,6.509,13.9304,7.3441,40.3554,12.2078,3.7786,2.4637,23.1887,4.4811,20.2588,2.1324,12.6898,0.1126,15.9037,3.2621,6.7121,2.2073,10.1171,0.0,6.5655,3.4305,16.1135,0.8002,2.9108,6.1888,7.6809,0.1011
TCGA-DU-8162,0.0535,75.4218,1.3147,1.009,4.6626,4.8127,4.6686,11.6146,8.3157,1.4984,32.153,0.2746,9.0859,0.5816,4.5026,0.1865,3.2373,15.9548,6.7357,6.7211,14.5095,39.1751,3.9239,0.1076,71.0736,34.5421,2.9901,0.2149,1.0907,6.9837,0.5195,7.4556,3.6418,0.2213,3.5294,4.7286,1.8798,2.2518,2.4712,0.1282,0.142,2.0853,6.5705,0.2444,1.5562,3.0486,1.6805,5.2168,11.6414,3.4603,9.226,15.5407,3.0071,11.0243,7.0403,14.4368,0.3126,14.6543,6.733,22.3309,0.5819,4.0493,2.9396,3.7569,1.7569,0.3039,5.7593,13.3382,10.205,1.2801,30.7673,2.8557,8.3129,3.2093,14.9985,16.7067,24.4224,14.699,2.751,0.6173,13.6942,3.4445,29.3624,8.4988,6.2172,0.1524,44.6516,5.989,5.0244,5.5744,4.6574,0.0,5.5691,5.8905,14.1883,2.7668,2.1411,6.8901,7.4428,0.3608
TCGA-DU-6407,0.3294,110.8,0.5983,1.6812,14.2624,2.0152,3.5325,12.2392,1.7659,3.6562,66.1967,0.5783,19.9657,0.0685,5.5376,0.235,2.9821,9.4086,8.9413,29.6695,4.7486,24.0611,4.0129,0.042,15.6448,29.9619,0.1949,0.0415,0.4341,1.1044,0.1799,3.4688,3.2849,0.3561,5.6528,4.1952,0.7274,2.4719,2.2601,0.1472,0.3572,2.9714,4.6405,0.3258,2.9283,0.2977,4.1241,0.3403,10.2053,7.9018,6.0106,36.6874,8.884,12.3513,5.7954,9.1877,0.2591,14.1249,11.5202,31.6062,0.1757,2.7052,7.4982,11.2371,2.351,0.2608,13.0194,6.7116,8.7076,1.224,7.4837,3.8727,23.483,3.8441,10.3654,8.2256,30.7456,7.5619,14.5883,2.6656,14.3192,2.2637,21.6036,1.6443,8.2177,0.0981,17.7325,4.324,9.4797,4.1543,1.6262,0.0,7.5774,4.9963,7.8815,0.4979,4.0233,6.62,7.8339,0.0913
TCGA-E1-A7YY,0.0951,53.8147,0.8908,1.0625,5.5361,8.8784,4.0916,16.4822,10.8903,1.1837,42.8718,0.3192,8.293,0.791,5.3826,0.2347,2.6033,17.359,2.348,6.4275,17.8395,38.3143,1.9111,0.2112,54.5274,44.9414,2.8752,0.0716,2.1299,1.1353,0.6362,5.2227,3.7892,0.1804,2.9947,5.6662,3.0686,2.5727,3.0994,0.2523,0.3108,0.6443,11.2183,0.2351,4.3549,1.1989,2.0255,3.7315,6.2765,3.5421,5.9769,17.0992,5.5791,16.5764,3.8434,6.9603,0.4303,16.3088,5.7994,32.8119,1.162,3.6609,6.3287,3.7527,1.2706,0.5309,10.517,8.8836,8.1846,1.0963,20.6375,2.0795,5.8424,1.5903,12.3361,37.7283,25.2332,11.7555,2.2957,0.2755,9.4061,2.9061,23.564,19.1617,7.7955,0.2377,68.3251,8.5534,5.7044,16.5037,2.817,0.0,6.2619,4.7484,12.4193,1.7005,2.1386,7.4186,8.442,0.2531
TCGA-HT-A74O,0.107,126.8201,0.3024,1.728,13.2768,1.3226,4.3399,7.908,1.4082,4.3206,62.8908,0.4081,16.9408,0.0297,6.1155,0.565,2.9229,7.3726,12.3797,17.3988,8.3363,18.28,11.4012,0.0424,33.8216,47.6546,0.1374,0.0789,1.2621,1.5923,0.4006,2.7959,2.2233,0.3324,4.4114,6.7656,0.6549,6.3755,3.273,0.0842,0.2968,1.4331,5.0744,0.4151,1.2714,0.9008,6.5262,0.2798,7.3069,7.6527,6.4378,31.1869,8.0501,15.9625,9.3246,6.631,0.5085,10.3033,8.6856,47.526,0.3919,2.3321,4.4103,9.9008,3.698,0.2578,12.46,5.3898,4.9074,1.4963,4.8612,2.8898,27.3401,3.9999,21.0917,12.0008,29.5268,4.7727,25.718,7.4629,20.6911,2.0335,29.3835,1.0182,16.8232,0.0404,23.039,4.225,9.3252,3.4349,1.1661,0.0,13.8955,5.0995,7.0055,0.6247,2.9121,7.8014,9.5082,0.0277
TCGA-E1-A7YQ,0.0538,150.4108,1.4069,2.8434,12.2599,1.5871,3.2632,13.572,1.9556,2.5355,43.6098,0.5401,13.6971,0.8719,5.5021,0.4788,3.0755,7.8694,10.7797,11.8578,1.1134,17.5361,6.1593,0.2941,8.3212,14.9989,3.2907,0.2948,3.2892,4.0923,0.8675,4.837,5.8595,0.4706,3.9576,9.6402,1.2575,3.3938,3.6019,0.1079,0.341,1.7563,3.493,0.2171,0.1067,1.078,4.1087,2.549,8.7828,5.8831,8.2467,20.269,6.7864,10.39,3.2896,9.4336,0.356,11.408,7.0279,16.3864,0.1456,2.8357,1.808,6.3077,3.7552,0.4458,8.2842,3.8376,8.5414,1.461,28.5902,5.1797,15.9599,3.4407,4.6709,10.316,11.6158,7.3874,23.954,1.888,13.6641,4.3463,17.9107,1.964,15.1546,0.1881,30.7869,6.6962,6.8479,4.3454,2.0953,0.0,5.9647,5.9568,5.2317,5.4922,4.3372,6.0754,6.0777,0.1078
TCGA-TM-A84M,0.01,24.9453,1.2163,0.4626,13.3862,1.32,6.6592,5.9251,2.0508,3.3827,42.7355,0.157,15.1257,0.0249,7.5649,0.8604,4.6177,13.0027,8.7332,15.2548,9.8505,81.8155,7.7031,0.0142,16.1023,47.7537,0.1347,0.0084,1.0176,0.6712,0.139,2.7261,3.2293,0.1521,5.1018,7.1532,0.6474,3.7459,3.0663,0.1058,0.2693,4.9325,9.4022,0.2873,20.7352,1.917,3.8161,0.8106,5.2557,8.1972,9.9204,27.9221,4.6646,12.8599,6.8332,6.6556,0.0645,14.849,6.3519,20.851,0.0175,3.5051,4.1375,5.8472,1.1122,0.7704,5.9335,7.8654,6.7399,1.9005,27.0428,1.8645,18.1897,5.7144,23.8022,4.4588,26.0179,11.1365,0.9292,2.2316,34.513,5.6533,18.276,1.9607,14.8862,0.0154,24.7514,3.5735,6.8285,1.2944,5.4876,0.0,5.5357,0.502,16.2341,0.1497,4.753,7.4399,8.1565,0.0077
TCGA-FG-A4MU,0.1555,147.3371,0.1879,1.1413,11.7455,1.1072,4.0401,8.5344,1.8956,1.4768,39.8287,0.3071,20.8743,0.0,6.048,0.363,3.143,9.7402,14.0374,14.2255,1.637,24.3644,11.4629,0.1098,14.9353,15.9464,1.4182,0.1573,0.9938,2.712,0.2335,4.5274,4.5415,1.0749,5.9777,8.0533,1.0175,4.6443,4.6349,0.0782,14.218,2.13,4.5869,0.1592,0.3443,0.475,5.1939,2.2841,14.3145,8.0783,10.5011,22.3951,5.8936,12.2196,4.3271,7.7905,0.2774,7.5461,6.6446,24.4199,0.2601,4.0108,2.3204,8.1379,4.4015,0.3362,8.3934,5.6378,18.1975,2.1062,19.4317,5.1309,22.6882,4.7482,5.5922,9.8749,14.2713,8.9452,13.0266,0.0823,31.2904,2.9697,17.0804,0.6834,1.608,0.1084,13.3253,8.5944,8.9316,4.4662,0.9113,0.0,7.305,5.6036,5.088,1.0776,3.1443,7.6277,8.2404,0.0117
TCGA-HT-A5R7,0.0833,38.541,1.6896,1.9491,5.76,4.1134,4.9524,10.5773,5.7003,1.4822,41.7189,0.3533,13.4467,0.5445,4.4268,0.2442,5.5384,13.5833,6.1037,7.6408,16.9477,37.9489,5.2204,0.1246,47.0093,29.2687,1.5628,0.1194,1.5063,2.4084,0.4009,3.2688,3.5466,0.2556,3.705,5.2414,1.8713,2.3839,3.1785,0.1461,0.1782,1.5832,7.2312,0.3296,3.1008,1.0122,2.3643,2.6222,9.4456,5.3246,6.7931,19.2849,5.0895,14.0325,5.8908,4.4822,0.3701,15.2508,6.7273,29.8422,0.6642,4.2646,4.624,3.2678,1.7925,0.3225,10.4424,11.6231,9.6188,1.4301,18.3893,3.353,13.2861,3.6842,15.9983,29.635,24.9402,10.7186,5.9606,2.2656,15.9495,2.798,27.8715,10.1324,9.4971,0.3381,46.3252,7.3055,7.7717,12.9153,4.0895,0.0,7.4757,3.6426,10.0286,2.5679,2.1552,7.1859,7.8931,0.4158
TCGA-DH-A669,0.2072,82.2133,0.2953,1.8691,18.4309,2.7805,1.8552,8.645,1.5342,3.6567,77.6622,0.221,22.9784,0.0086,7.0377,0.3803,1.1439,7.9674,6.5275,41.4011,6.3807,18.6091,3.9847,0.0246,15.2506,44.9528,0.0645,0.0044,3.9113,1.317,0.0643,3.6835,3.0236,0.4959,7.426,7.7988,2.1351,1.7594,2.3053,0.0465,0.2391,1.1114,3.082,0.245,3.3289,0.1266,7.6688,0.7574,5.7637,9.087,6.4089,37.5717,11.9633,17.6707,5.9357,11.3332,0.5413,17.2229,21.5103,62.3131,0.0683,1.5556,7.9354,15.5895,1.738,0.0817,14.8255,7.2991,4.7036,0.6455,7.7976,3.0758,24.4191,5.1929,11.0866,11.4971,24.952,8.8178,8.488,0.1868,16.6881,2.4451,15.7455,1.5352,1.9438,0.048,15.3446,10.6576,9.4596,2.0697,1.4153,0.0,12.4908,1.983,5.989,0.2685,6.594,8.4444,8.7222,0.008
TCGA-HT-7884,0.2357,39.2974,4.5677,0.715,11.5988,1.2962,10.4069,5.4452,2.4647,3.0021,51.6635,0.5856,15.3236,0.1554,4.4782,0.9314,4.7115,11.2516,26.0887,14.6415,20.0782,87.3759,24.9144,0.1143,84.2057,25.6937,0.665,2.7207,0.56,6.2448,2.0653,3.9129,4.4043,0.1818,4.5189,6.6747,0.4589,2.1477,3.8088,0.1911,0.1554,2.063,10.4888,0.2822,8.7577,2.572,2.6353,0.41,12.6473,9.7849,7.891,15.4699,4.4718,13.8425,8.5099,6.9936,0.5416,10.7138,4.6227,24.1645,0.6018,3.2435,4.0234,4.8046,1.6959,0.3856,8.4432,12.5221,12.5666,2.3996,11.3366,4.2809,19.5404,4.7155,15.0437,6.7862,32.3382,9.8849,2.403,4.3042,26.9698,3.8298,35.015,1.6844,8.4747,0.3817,22.5726,1.5954,5.1061,8.0613,4.01,0.0,10.0156,3.3254,11.4103,2.7537,3.7085,13.5233,7.213,0.1588
TCGA-S9-A7R7,0.054,291.7565,0.2488,5.254,6.6829,0.8292,3.9512,11.5132,3.1774,3.6377,38.651,1.1136,14.2932,0.0112,4.9559,0.3059,4.2199,10.1653,9.7683,10.6919,2.7004,28.9713,16.2628,0.0546,22.0421,49.9373,0.2337,0.1696,1.9492,2.3293,0.5471,4.9527,3.7672,0.2304,8.1072,5.1406,0.9661,10.0238,4.7336,0.3854,30.184,3.9923,4.5717,0.6694,0.1693,2.5198,4.9651,0.8235,11.6261,8.4753,7.2986,28.3631,5.0,12.9886,4.6894,9.7035,0.6817,10.181,6.8356,29.3261,0.3142,3.3309,2.5185,12.6138,5.7863,0.4652,6.1982,5.8795,9.1215,2.0996,19.2119,3.7259,34.4803,5.5428,17.1796,6.6756,30.1749,6.4815,13.9991,19.7991,21.8185,2.8337,45.7063,0.8138,9.2114,0.2249,32.1723,5.8842,6.8657,4.0937,0.9325,0.0,9.5517,5.3296,9.6353,0.9095,2.9139,7.8723,8.2733,0.1257
TCGA-S9-A6TZ,0.1881,120.0193,1.567,1.4772,9.5787,1.177,5.0026,8.3628,3.0944,3.7084,53.6666,0.7033,13.2972,0.0196,5.4602,0.5014,6.1601,12.2107,19.3603,14.3843,4.7519,106.3918,25.0572,0.0699,36.0275,20.608,0.2466,0.2565,0.8383,6.4741,0.676,8.577,3.7098,0.3316,6.1534,4.17,0.4758,2.4879,3.5771,0.186,1.3607,3.3197,7.6464,0.3731,6.2517,0.847,2.3104,0.6522,11.6347,5.258,9.0142,27.4202,3.2018,12.8493,8.6454,19.7384,0.3783,18.2882,4.0106,19.6459,0.1188,4.2257,2.9015,5.7787,2.9319,0.5937,5.655,10.5247,7.6956,1.9681,14.149,5.1793,22.1458,4.3812,16.4556,6.8885,29.3305,11.049,2.6644,4.9468,24.467,3.8865,56.5091,1.1896,7.5635,0.4065,28.7165,3.4736,3.9381,2.7309,2.9882,0.0,8.1286,2.7164,11.4052,1.0948,3.1116,7.9332,7.1825,0.1506
TCGA-DH-A7UT,0.1014,68.8363,1.2132,4.3332,12.8223,1.231,9.2341,8.0198,1.8519,3.7306,53.1369,1.3548,14.8969,0.09,5.5827,0.774,3.3125,10.232,17.9187,16.2279,24.6779,52.1132,7.7613,0.1255,108.776,31.8049,0.6269,0.7278,1.0603,6.0485,0.7193,3.723,3.4537,0.518,5.7381,7.3961,0.8119,5.3994,4.4381,0.2172,1.2715,2.7802,12.2631,0.3316,5.09,1.0128,3.1463,0.2752,11.2391,9.549,9.3499,19.9661,5.7575,14.8608,6.5573,7.7779,0.6367,12.6026,8.0348,31.666,0.5943,2.301,5.3911,8.2825,1.9905,0.573,13.5562,12.3015,8.8462,1.855,6.7643,3.2179,19.9759,4.6028,15.2578,10.033,19.7623,6.576,10.8924,8.9186,23.4855,2.4569,34.6177,1.6449,10.9384,0.1336,48.8692,3.473,7.6094,9.4959,5.9898,0.0,12.4575,4.2659,7.7887,1.5961,3.536,9.8789,8.9259,0.168
TCGA-FG-7636,0.0797,64.6723,1.2082,0.6959,13.4823,1.2662,5.3216,6.6226,2.3225,2.7334,55.9566,0.1774,20.1955,0.0265,4.7942,0.2581,3.177,15.1922,8.7952,18.1453,6.273,48.819,6.1223,0.2452,19.0596,32.4017,0.155,0.1485,0.3765,1.3053,0.1766,2.825,2.3394,0.1979,4.9465,4.0799,0.3836,1.7022,2.204,0.1229,0.0243,2.6982,3.6767,0.3708,1.6809,1.4521,2.376,1.1213,12.5131,5.5645,6.2161,26.6537,6.5897,17.4208,7.441,7.8156,0.3166,13.809,6.1531,32.9871,0.1354,3.8265,5.9496,6.0014,1.8494,0.1884,4.8843,13.6062,14.2896,0.8774,10.0563,3.3112,33.259,5.1397,20.0869,8.6861,31.5783,11.441,5.928,2.9626,28.2451,3.335,42.292,2.7287,20.191,0.0492,34.4367,4.017,8.5898,2.3228,3.1891,0.0,8.1495,2.9663,9.6365,0.4745,3.0745,6.8406,6.1173,0.0577
TCGA-TM-A84J,0.0306,219.1136,0.0086,0.5957,12.4883,1.4699,10.9621,6.7482,2.8823,1.9961,34.2766,0.0379,16.7327,0.034,4.9765,0.6172,2.9956,18.5761,7.4708,13.6522,1.9782,28.5767,4.9398,0.017,10.7339,24.6731,0.2032,0.0101,0.1639,0.3067,0.0339,1.6655,3.1852,0.2404,5.2324,3.4808,0.7019,4.9909,4.0385,0.1229,0.2824,3.9978,8.1344,0.0942,1.5129,0.8857,3.1211,1.9601,9.6768,7.4355,16.0028,31.6445,5.1327,12.1446,3.7817,4.4527,0.1014,10.7121,3.0498,15.3855,0.0942,5.2212,2.2404,2.286,1.2918,0.3621,8.979,7.9849,6.2534,1.9508,33.9758,1.5202,16.7812,6.7608,8.6393,6.6184,16.1827,12.1342,2.83,1.0059,24.9962,3.2718,12.4616,1.1587,8.7017,0.1135,17.8234,9.1918,7.4214,0.8457,1.2101,0.0,5.0298,3.344,14.6939,0.2026,2.8971,9.0753,5.8779,0.1228
TCGA-DH-A7UR,0.0342,122.7281,0.9555,3.2056,19.3209,3.3069,6.5251,8.7009,2.2011,2.6946,54.2655,0.6343,20.7517,0.0325,9.7195,0.6646,4.1179,10.6775,4.8693,15.9068,6.3365,42.8972,2.3096,0.1697,26.1027,38.934,0.7067,0.0511,1.5317,1.1135,0.7685,11.2281,3.9548,1.0289,4.2794,5.6979,1.1891,1.6906,3.9231,0.0853,0.0772,1.501,7.3124,0.2762,2.7826,0.6778,3.7938,1.2082,5.8595,7.933,7.8312,25.8971,5.2987,14.8948,3.632,32.2331,0.3333,14.7778,7.4337,21.202,0.2919,3.6623,5.8739,9.0603,1.6336,0.6209,11.1135,6.4836,6.7944,1.7273,14.8517,2.0315,19.099,4.5659,12.5834,7.9607,12.6673,7.053,2.9321,0.178,29.9663,3.7365,34.5214,3.802,8.3686,0.4916,16.0204,2.5257,9.3862,5.1038,2.2889,0.0,6.04,3.7642,15.5603,1.2068,4.6729,6.5842,10.5377,0.1251
TCGA-VM-A8CD,0.12,96.2875,5.3215,1.6339,6.8989,1.658,3.4869,14.73,3.2451,2.6738,54.2262,0.3658,14.5857,0.0357,2.9666,0.1435,3.5588,9.8681,10.6388,9.1887,3.9972,61.3575,18.1947,0.0184,33.0411,35.972,0.7506,0.195,1.1388,1.7319,0.266,6.5197,3.5633,0.3261,7.8504,6.1743,1.1662,2.1275,1.8933,0.1033,1.9223,1.7704,3.0188,0.0965,0.6919,1.8657,7.7596,10.4618,18.102,3.8684,9.1568,15.0711,4.2515,15.6968,3.6443,7.2017,0.1111,11.5702,9.5204,27.5119,0.2449,1.9718,2.127,4.3718,1.7234,0.1901,8.8941,6.771,9.989,1.6054,45.9431,8.9148,13.8471,7.4891,6.121,12.4667,20.7268,8.7632,12.9196,0.6247,19.5594,2.0866,18.6003,3.017,7.9309,0.1482,34.9522,8.7161,3.6645,1.8413,3.9763,0.0,11.6033,15.7203,5.0705,7.2211,3.8287,8.5235,9.9339,0.1198
TCGA-HT-7603,0.0796,24.1093,0.407,0.6209,4.5991,4.3918,5.8944,17.0688,6.5222,2.2443,53.3296,0.2288,10.9624,0.47,3.2364,0.1074,2.8862,27.665,3.2193,11.386,9.7577,35.3676,5.3709,0.1022,23.1499,16.0333,2.332,0.2765,0.755,2.236,0.2504,3.068,4.333,0.0535,3.6019,2.9832,1.3279,1.4592,1.0332,0.062,0.0861,0.6179,3.7655,0.2135,1.1101,1.0399,0.9388,3.3323,12.6676,1.955,11.1156,16.4354,6.6277,13.1245,3.9989,4.645,0.2303,19.7807,4.6167,30.6468,1.203,5.0773,6.1505,3.469,1.9825,0.1176,7.1738,17.3331,16.5393,1.0322,7.85,3.6182,12.1064,4.1735,16.8441,22.4003,30.3547,11.5231,1.6601,0.6466,7.8827,2.7178,19.947,11.1839,5.4959,0.0565,26.598,10.2741,7.5546,9.1379,1.1386,0.0,8.3203,6.5342,6.0595,0.7691,1.3539,7.7128,7.6798,0.2193
TCGA-QH-A6CZ,0.0288,38.742,1.3506,0.5321,8.2191,1.8617,7.0776,9.4447,4.0714,2.9964,50.0455,0.098,14.0963,0.2877,8.064,0.5239,4.2318,15.1206,5.7205,14.0864,5.2276,108.3646,6.0711,0.0297,17.1989,31.1606,0.6776,0.0217,0.8314,0.4886,0.1278,3.348,3.5295,0.1417,4.1373,4.8159,0.8052,1.6628,2.7062,0.177,0.038,4.6761,6.5851,0.4407,4.2739,2.8137,1.6639,2.0284,8.1275,2.9655,9.9052,24.1633,4.6937,13.8231,8.3939,7.1068,0.3403,18.3064,8.6461,30.2179,0.4264,3.7575,5.3086,6.3217,0.9189,0.3361,5.9735,8.2381,9.4533,1.5699,24.0085,5.3784,14.602,5.8084,18.3192,12.3534,26.4392,12.9139,1.573,0.6283,17.1391,3.979,17.0959,5.5936,8.3878,0.2284,20.7421,4.2755,5.6866,4.4672,4.402,0.0,6.0731,1.8082,17.8259,0.8001,3.9336,8.3943,9.7293,0.2499
TCGA-QH-A6X3,0.0566,48.3641,1.3055,0.6618,9.4423,1.1008,7.8294,9.1055,2.2655,3.0502,46.39,0.1145,14.3735,0.0428,4.5891,0.5667,4.4172,12.9714,17.0084,13.9718,4.9489,45.3935,14.6839,0.0318,19.3531,37.2326,0.2502,0.0451,1.135,1.3266,0.2759,3.7555,4.0356,0.2876,6.8709,4.8404,0.3793,2.9232,3.0204,0.2017,0.1841,2.6256,5.6384,0.2969,2.0581,4.9691,2.9328,0.9095,16.8362,5.9552,12.9181,27.0637,7.3687,12.8243,6.5691,9.4185,0.5378,17.1303,4.1264,20.0222,0.1899,3.908,1.9557,6.8681,1.2375,0.4715,4.6746,9.5767,7.8163,2.7368,10.4669,3.2597,16.3159,7.0286,15.23,3.6549,35.4482,11.8482,3.6501,8.5045,22.8623,3.868,33.8591,1.0813,15.722,0.0985,26.2832,4.1084,6.8734,1.3106,2.0636,0.0063,7.0167,1.2297,11.686,1.0427,2.7433,8.7734,7.5283,0.2676
TCGA-HT-7858,0.198,131.1593,1.0984,1.2237,10.563,1.3762,6.3084,6.9238,2.1464,2.3477,48.582,0.3584,15.6519,0.0235,4.7285,0.4936,4.1108,13.0182,12.9545,20.0041,16.5532,51.4125,23.826,0.065,80.7153,32.0223,0.7091,0.9998,1.0613,6.2266,0.6057,4.4877,3.5552,0.1854,5.9211,4.6356,0.5105,3.0617,3.629,0.1358,0.6744,2.5404,7.7718,0.2338,2.0335,1.2138,6.6448,0.4974,13.7102,4.4556,12.4837,26.3955,4.6228,11.7069,12.2099,12.1836,0.3053,11.6483,5.0643,29.1932,0.3852,3.0262,2.4572,5.2415,2.8069,0.3669,7.4045,12.3184,7.9354,2.105,11.469,3.6464,22.3642,6.3756,20.1558,5.0654,36.6481,9.1974,7.1597,5.6094,25.7034,3.6616,28.7389,1.8219,7.117,0.259,19.2708,4.2605,6.9107,4.9305,3.1781,0.0,8.6288,3.766,10.2887,1.3125,3.0888,8.5471,8.4379,0.4244
TCGA-CS-5396,0.1972,74.6861,0.1898,1.8312,7.8791,1.4825,3.7277,9.1347,3.494,3.3752,45.8873,0.2168,16.6922,0.0,2.672,0.1222,3.97,17.6276,10.7395,13.7675,18.5717,118.4893,18.2021,0.0539,93.275,43.5738,0.1776,0.2806,0.565,3.1378,0.505,3.0794,2.3339,0.2344,5.9904,3.9534,1.8638,2.1835,2.1239,0.1,0.919,2.3071,4.3207,0.196,6.9617,0.4501,6.5653,2.2594,6.2525,3.9436,7.798,23.4971,4.3778,13.2817,34.9287,8.5569,0.2271,13.0081,6.317,30.3821,0.1284,3.1037,2.3278,4.2879,1.8278,0.385,4.9152,20.3147,5.9351,1.4569,131.3383,3.6371,55.1967,4.8647,30.8962,3.29,23.588,10.9297,2.34,0.3912,31.9628,4.7653,14.797,1.1252,0.6712,0.1669,8.1186,2.6206,6.3525,6.1769,27.8994,0.0,6.4766,1.4457,19.3311,1.3423,2.3362,9.2298,8.7796,0.224
TCGA-DU-A7TJ,0.0986,107.1768,0.8441,1.4137,9.4657,1.4829,5.9529,10.9998,0.9682,2.8735,41.5331,0.1536,20.7306,0.059,4.7839,0.3194,3.294,9.7736,16.5054,13.4272,1.8002,25.6297,12.1385,0.0732,15.9938,31.4565,1.0512,0.049,1.753,1.9718,0.2657,6.0268,3.8764,0.4367,7.4713,8.2035,0.9481,3.5566,3.0717,0.1043,2.3407,2.8312,4.4505,0.1911,0.5012,1.962,4.9198,2.7582,17.148,8.296,11.9133,28.474,6.6383,11.0223,3.2054,13.7615,0.4224,6.9894,8.0891,22.7649,0.1698,4.1381,2.4142,5.1891,3.0125,0.4119,8.9978,6.2284,14.0377,1.5591,33.9809,6.2876,28.1798,5.5438,4.6744,7.8056,12.829,11.3516,9.302,0.8864,23.5272,2.5601,22.5823,1.105,2.9251,0.1558,18.5285,6.9357,7.1276,1.8629,1.5119,0.0,8.2876,5.7253,10.1253,1.8843,4.0939,12.2457,4.651,0.5572
TCGA-DU-A6S2,0.1308,29.4965,1.0494,1.1524,8.8195,3.2761,4.5992,7.0721,4.7995,2.2716,45.9444,0.2814,11.8115,0.1914,5.0839,0.4687,3.1507,10.0844,7.6622,13.3316,16.2223,77.4332,5.5656,0.102,61.5889,31.948,1.3561,0.4299,1.0709,3.9359,0.5216,4.0194,3.6759,0.1164,3.2758,5.2833,1.4165,1.7743,2.8737,0.1186,0.1153,1.6702,7.1672,0.1569,6.4127,1.1417,3.0306,2.1051,5.856,4.7735,7.7331,22.7,3.1795,15.0086,15.8124,5.3247,0.2485,10.2102,4.551,21.0488,0.5608,3.3348,3.0612,4.3676,1.0603,0.5257,7.8676,11.6053,5.0215,1.7403,23.1162,3.1495,17.1456,3.915,13.2859,15.2096,27.1072,10.6275,3.4526,1.4386,22.0268,4.0924,28.5688,6.2015,11.633,0.6427,36.0418,3.6795,5.935,7.5006,7.1633,0.0,6.2436,3.2482,14.3127,2.9419,2.4842,5.878,6.594,0.1015
TCGA-HT-A74K,0.1651,91.8512,0.2642,3.3873,14.8125,2.0583,2.7789,7.7533,1.5355,7.8004,84.3485,0.3062,19.1242,0.025,5.0612,0.47,1.9088,7.4993,2.9184,32.272,13.2785,25.229,3.7466,0.0321,55.4236,52.1176,0.3079,0.1166,1.3362,1.7133,0.0964,2.1404,1.8283,0.7418,3.7711,5.9407,1.5603,2.264,2.1117,0.0851,0.231,1.3251,4.0483,0.2901,3.0041,0.3204,5.6795,0.2243,4.4342,9.3246,4.2998,30.7064,8.8617,14.9052,10.5222,5.4003,0.2139,12.6654,19.2739,66.9864,0.4089,2.107,8.7462,16.3116,1.3579,0.1553,13.6353,8.5909,5.2729,0.7831,8.0188,2.3113,23.1323,3.5908,15.0103,8.8843,15.0132,6.0643,8.5202,1.3915,20.0566,2.4817,14.1569,3.7965,8.0005,0.1668,17.7474,6.0183,10.4426,9.0159,5.4705,0.0,11.0994,4.514,6.5754,1.0842,4.5217,6.9962,10.6676,0.0291
TCGA-HT-8106,0.0431,860.5206,0.2213,4.0817,5.8954,0.9103,3.5483,9.5125,3.4624,2.3568,32.8533,1.2656,14.4686,0.0391,4.1225,0.1609,3.5684,8.7202,10.3827,9.7477,7.4645,22.3682,8.0534,0.069,41.6732,27.9544,0.5792,0.5383,1.8885,3.9617,0.5075,7.4162,4.5085,0.6636,4.4351,4.7201,0.6513,8.5395,3.4925,0.1444,7.3804,5.8647,5.2215,0.785,0.2641,1.2596,3.9298,0.7131,9.3295,5.5385,9.2429,24.4687,4.065,12.6796,5.7339,10.0779,0.3726,10.6708,9.4203,35.0374,0.9201,3.8165,2.0707,15.8708,7.6435,0.3632,6.5091,10.239,7.8498,2.0716,25.7446,4.7658,20.4949,5.5436,17.1172,6.5428,39.4028,4.9031,34.8434,10.3125,23.7,3.1413,23.7311,1.9355,10.0866,0.23,31.0339,11.6134,7.5667,5.6207,2.1714,0.0,8.7703,6.649,6.467,1.266,3.0982,5.9571,8.1909,0.0974
TCGA-FG-6690,0.0866,130.5684,4.7402,1.0556,7.4819,1.2499,5.1309,6.1837,2.0255,2.4221,43.4128,0.5008,19.131,0.0085,3.5483,0.253,5.0341,12.7266,13.7571,14.1576,3.4555,88.6243,14.787,0.0121,12.7119,26.9304,0.1192,0.3295,0.5926,1.3315,0.3386,3.4737,3.2125,0.2109,6.1528,4.6567,0.3296,1.9169,1.97,0.0866,0.1123,2.8804,3.4973,0.6113,1.9292,2.2239,3.1679,0.5895,12.6361,7.0101,8.0917,23.0462,5.4783,11.542,12.2882,8.2735,0.3212,13.0275,7.0401,23.9933,0.0851,3.6543,3.2898,6.1357,2.5203,0.251,5.8245,8.6336,15.4315,1.5491,15.3342,6.4026,24.6825,6.1072,24.9413,7.3217,29.0038,12.8407,9.1641,6.395,29.9727,4.2335,33.6485,1.087,7.3511,0.0598,33.361,4.9454,6.6525,2.4957,1.9816,0.0,7.7208,2.7122,10.6275,1.677,3.2153,8.4827,7.02,0.0989
TCGA-HT-7609,0.042,101.1748,0.4487,0.8839,8.9017,1.2803,5.0599,6.1897,1.9793,2.3924,48.3055,0.5888,16.2784,0.0311,4.0955,0.3226,4.268,12.1688,10.9281,14.395,4.9472,54.7557,15.543,0.0267,22.3413,35.2699,0.1121,0.0211,0.7435,1.4243,0.1489,4.7587,3.6742,0.2971,7.3121,3.4273,0.3582,2.902,3.0241,0.0926,0.0582,3.1024,4.0162,0.2154,2.9453,1.6602,3.3214,0.5313,12.4862,5.4005,10.77,20.3666,4.7196,12.4838,6.5694,9.6274,0.3387,14.103,5.7661,20.6106,0.1354,4.2656,3.3678,6.3842,2.6142,0.1656,5.0465,7.5809,7.6117,2.2768,13.0,2.6128,23.5946,4.373,16.9865,6.9078,32.9108,15.0125,5.612,5.6474,32.0724,4.5046,66.8947,0.6661,12.4774,0.0576,26.8171,2.3807,8.3161,2.6448,2.0071,0.0,9.2028,1.7606,8.808,0.9859,2.5012,7.2356,5.5138,0.4711
TCGA-QH-A65Z,0.1354,48.6006,1.7035,1.2058,11.5112,1.1178,7.1593,7.3519,2.1624,3.3098,62.6549,0.231,15.4663,0.045,4.3413,0.456,3.3777,11.8382,5.7966,18.7564,8.1981,83.7533,9.0864,0.0412,28.9294,33.5391,0.3439,0.1162,0.4651,1.935,0.1872,4.6596,4.6065,0.227,3.4756,5.1743,0.9156,1.6111,2.2598,0.1892,0.0991,0.9034,4.7726,0.2905,8.6969,1.7317,2.8612,2.0104,7.541,7.004,10.4871,24.5376,6.2675,15.0118,8.833,13.1726,0.4396,18.7047,7.2365,29.3635,0.276,2.0581,5.9914,6.5554,1.1347,0.3147,8.9766,13.8145,16.6703,1.6658,21.8077,7.3341,37.4109,6.534,12.8653,8.2124,30.6979,13.2624,2.4398,2.2742,24.0532,4.0674,30.8591,2.4406,5.7301,0.5315,18.4291,1.6759,7.2544,4.5346,10.2607,0.0,7.0358,2.4733,12.436,0.6016,3.284,7.1791,9.3777,0.0504
TCGA-HW-8319,0.1464,69.1949,2.5685,1.1011,9.8234,1.9557,8.7355,7.5431,4.227,2.5928,39.8197,0.3216,15.0984,0.173,4.6525,0.495,4.9358,15.4449,16.1601,9.0378,6.9251,52.1849,21.0268,0.0587,29.0335,23.1946,0.7177,0.0359,0.959,0.9768,0.2168,4.8556,3.5303,0.1994,5.4859,5.916,0.7314,2.4849,3.7721,0.2165,0.0817,2.5942,7.8137,0.5245,1.8248,1.6751,2.6392,1.8517,13.742,6.9003,10.0016,19.7858,4.3639,11.4417,4.6791,6.9992,0.5224,13.5939,3.8095,20.3287,0.369,3.6073,3.1292,3.943,1.6015,0.4175,7.4445,13.3975,17.8408,2.4487,18.6062,4.9555,21.5728,5.7588,11.5321,15.5418,31.8758,14.6273,3.9059,3.1211,35.6425,3.9317,41.6837,4.6149,7.1008,0.1808,33.8902,2.8049,6.1877,4.7834,1.6286,0.0,7.2327,2.1763,13.9571,1.7494,2.9506,10.3957,7.1567,0.4665
TCGA-E1-A7YJ,0.249,70.5393,0.1066,0.9268,13.0003,1.2875,3.0599,10.9397,2.0746,3.1155,49.5627,0.5486,20.9762,0.0388,5.3109,0.5294,3.658,10.0581,10.9286,15.5414,8.6872,29.9952,27.526,0.1722,52.4714,15.1049,1.0668,0.3012,2.721,3.3334,0.288,3.8771,4.2149,0.4631,5.5962,6.354,1.2727,7.4281,4.6644,0.1231,40.9844,1.1307,8.1553,0.4782,2.3043,0.1326,11.3352,2.4171,9.4833,11.3999,7.9848,22.9893,4.6642,15.182,5.2524,9.0169,0.4235,9.0613,5.2008,41.9179,0.4069,2.8909,1.8978,6.2276,4.3227,0.6441,14.2233,6.8652,15.2134,1.7703,23.3686,4.094,24.8832,2.3036,5.0314,16.814,12.0973,6.474,11.315,1.5465,20.6283,1.9675,21.5833,1.118,2.8754,0.036,14.9517,4.0923,9.3962,9.6783,3.9654,0.0,6.2544,2.7739,5.4875,2.5716,4.0898,10.0917,10.0267,0.0483
TCGA-HT-7873,0.206,72.5785,6.7049,0.5379,12.0039,1.5639,7.9814,6.2685,2.3306,2.9522,39.6784,1.0657,14.7417,0.033,4.0294,0.646,5.8935,10.4844,18.2018,9.4491,8.7374,42.7107,21.9458,0.0961,53.4988,27.9001,0.3155,0.441,1.1267,5.1907,0.3389,4.8829,3.5158,0.5167,5.2345,5.7367,0.3612,2.4994,5.3608,0.2975,0.7663,4.1133,10.6157,0.5029,5.5751,3.0078,3.1594,0.8061,17.1661,10.2031,8.888,20.7548,3.3516,13.2071,5.69,9.8829,0.5613,12.5884,5.1641,18.2865,0.1462,5.7709,2.8919,5.2484,2.0102,0.3904,8.1323,10.2225,12.5757,2.0719,13.6421,3.3503,23.3516,6.5177,18.0023,15.1638,69.2308,8.9776,5.0703,6.1387,37.3941,3.4266,23.2176,1.069,13.2729,0.0587,23.2695,4.585,5.5564,5.3753,1.745,0.0049,8.4601,4.3575,7.9799,2.1258,4.207,5.6564,8.7338,0.0892
TCGA-DB-A75L,0.0286,89.3819,0.7654,1.4607,11.2808,1.8218,5.8605,9.0722,2.937,3.3397,47.6664,0.3541,9.6873,0.0794,5.0608,0.7214,4.4904,16.4783,16.3445,14.0,6.7958,43.2853,4.2199,0.0386,21.2149,33.7001,0.5251,0.0324,1.4447,1.2287,0.2284,4.9422,4.3868,0.2074,5.4331,4.6507,0.7812,3.5195,3.6816,0.1961,0.0357,1.0771,5.6861,0.2505,4.7167,0.7147,3.2514,1.15,12.2116,9.0186,8.8652,25.5164,4.8361,13.6826,3.3581,10.4659,0.4122,13.4783,7.7625,20.9857,0.3732,3.9011,2.6485,4.9389,2.2463,0.4843,10.1605,10.4285,9.0365,2.3817,10.8886,5.6723,19.3198,5.0378,18.5871,11.9614,31.0034,9.6538,7.7534,2.38,23.518,3.1986,19.7643,2.9529,16.103,0.3123,23.7468,3.5921,7.9311,4.7442,3.3369,0.0,8.7235,2.6262,9.3888,1.1184,3.3667,13.3284,7.9261,0.1667
TCGA-DH-A66B,0.0257,106.5138,0.2273,1.0118,8.8389,0.6484,4.1878,12.2419,2.1767,2.5118,38.286,0.1337,16.681,0.0086,4.3919,0.4003,5.1635,12.1811,10.5433,15.9184,3.1411,67.1277,16.2988,0.0147,12.2136,49.7232,0.0657,0.0189,1.8765,0.5988,0.1095,3.5881,3.3484,0.453,5.7469,3.185,0.4509,5.7656,2.7169,0.124,2.146,2.5105,3.5078,0.2941,0.0622,0.7499,3.8191,0.1539,11.3224,7.0487,7.955,31.2181,4.9065,13.1218,4.6325,8.1641,0.0756,11.9293,4.768,31.3182,0.0588,4.5851,3.1607,9.8238,4.1692,0.1826,6.9832,6.9237,9.3461,1.4553,15.9964,3.1907,17.7589,5.6677,17.1477,8.5531,44.8899,7.2044,13.8218,4.1717,29.7381,2.5862,24.4708,0.4943,11.1782,0.1145,32.9781,3.3324,8.8442,2.2616,1.4236,0.0,5.9232,1.6993,5.133,0.1902,2.2196,7.1745,8.8232,0.016
TCGA-CS-6665,0.1775,278.1902,0.163,2.5168,8.2638,0.6924,5.5546,6.6991,2.0323,1.7747,37.1866,0.3998,21.7215,0.0281,4.7465,0.2054,4.3656,10.393,8.6062,17.6323,14.3503,22.7572,8.1929,0.0422,61.2118,24.6246,0.5562,0.0955,0.6574,4.7616,0.3166,11.1941,2.8436,0.9536,6.4127,4.4303,0.6155,2.8443,2.899,0.1038,0.327,5.0382,5.323,0.278,0.5398,0.9473,3.3702,0.3467,10.9764,5.0868,14.4219,31.4487,4.1848,10.7839,10.9575,24.7329,0.2629,12.5292,7.761,25.6017,0.6054,3.0319,1.9121,8.6894,4.5597,0.2165,5.3893,13.4395,4.6647,1.4642,27.5941,2.5606,17.9454,4.724,13.3212,3.0256,27.3301,5.7227,23.249,3.7353,30.7038,4.0037,20.0536,2.6673,6.6232,0.4436,29.7101,5.7979,8.8564,4.6823,3.4309,0.0,6.0966,6.1771,11.4266,0.8798,2.4634,4.7355,5.6135,0.3346
TCGA-CS-6669,0.1435,29.4072,0.6107,0.8084,4.3143,5.4411,4.5034,14.8225,9.8047,0.9428,42.1916,0.3071,8.3345,1.7444,6.1893,0.1668,2.0203,20.5159,2.9344,6.5999,13.3495,51.2842,1.8388,0.1444,48.7936,39.637,2.6083,0.039,1.7305,2.0823,0.3571,4.0176,3.02,0.1457,2.2795,6.2081,2.9243,2.433,2.8793,0.3023,0.0161,0.4681,7.9992,0.2324,3.4909,1.1723,1.3645,4.4002,6.643,2.1745,7.2418,17.1277,5.4942,16.5184,5.196,6.3077,0.3146,17.1551,5.5539,32.2173,0.8875,3.9714,6.6083,2.8697,1.6749,0.2719,5.9735,12.0326,7.5176,1.1353,18.7171,2.0967,5.7428,1.7858,15.3748,28.227,22.5107,16.7598,1.428,0.3317,10.0638,3.1568,24.0968,12.5354,7.5576,0.6202,73.7037,10.1135,4.8822,10.9405,2.2754,0.0,6.8984,7.4198,11.6627,2.2155,2.342,6.8529,9.564,0.7583
TCGA-S9-A6TY,0.1909,37.4478,0.7886,0.6877,13.4704,2.3293,8.064,7.8626,3.1605,3.3164,44.203,0.2246,12.2877,0.0542,8.3704,0.9754,3.5134,20.0973,10.0916,17.2334,10.969,70.9763,9.8151,0.0665,39.722,38.2711,0.7756,0.1184,1.0078,1.6179,0.258,3.6163,3.4123,0.1422,4.4372,7.3529,0.9977,2.2086,3.6156,0.2881,0.1143,5.1043,7.7149,0.231,11.821,1.3804,2.6982,1.0511,6.6734,6.7485,10.0623,21.2789,5.0766,14.768,9.8215,8.4907,0.3459,18.2113,12.5866,25.0395,0.2905,2.5449,5.2159,5.1729,0.9706,0.4909,7.2253,8.8233,9.2398,1.9632,20.2885,3.1261,19.2734,4.2489,17.9389,7.6407,25.3923,11.9464,0.9918,0.8957,23.3499,3.1558,28.7392,4.9353,17.7292,0.3508,25.2033,2.3587,5.6573,2.938,11.5425,0.0114,6.4106,2.6913,16.191,0.832,4.4131,10.9817,9.4991,0.141
TCGA-DH-5143,0.1549,134.6581,2.7463,0.8776,4.8285,1.732,3.5897,8.505,2.7736,2.502,53.0844,0.2786,18.1405,0.1327,4.4365,0.0456,3.4967,12.4602,4.025,17.1664,4.5682,68.2198,13.3821,0.0067,20.3539,31.3996,0.4993,0.3805,0.5656,1.5772,0.1685,3.3992,2.4232,0.1482,5.7878,4.0552,0.579,1.8499,1.5017,0.133,0.0918,2.9105,2.6111,0.3195,0.6397,2.7615,3.149,1.3667,12.6302,3.7195,8.8088,21.0662,5.3093,13.28,9.2762,9.3984,0.2959,17.7279,4.4937,32.0209,0.2598,3.0206,4.2465,5.1898,2.7306,0.1757,5.7836,7.6222,17.0486,1.2006,13.246,4.3236,27.3203,5.1438,18.0852,13.5349,37.6112,11.3112,5.1221,3.211,26.6733,3.4337,45.8325,2.8432,6.6585,0.0985,40.8134,2.5258,7.3728,2.952,2.0822,0.0,10.8167,4.4598,8.6326,0.6431,2.4392,7.5017,9.7602,0.102
TCGA-P5-A733,0.1584,58.9741,2.6981,2.4872,8.5414,0.8411,4.8264,10.7267,2.1616,4.4554,53.1719,0.2503,14.4349,0.039,5.0304,0.3927,4.6427,10.3682,15.2753,16.6729,2.651,91.4892,8.2545,0.0279,8.4019,24.4735,0.2567,0.0464,1.0298,0.7114,0.5252,7.0798,3.5125,0.258,6.8579,5.7244,0.5984,2.1967,2.4252,0.169,0.0293,1.8868,4.2379,0.3317,1.4798,6.5195,1.1016,1.6038,13.8004,5.3905,7.3637,24.9945,8.1779,16.0578,6.3509,17.1954,0.3598,12.9552,7.7894,20.9201,0.232,2.879,6.4225,10.0121,2.7276,0.2139,6.8139,4.4066,14.9252,1.9448,10.7958,8.801,23.5642,5.1999,13.0043,11.3396,29.2783,10.001,2.6021,3.3616,12.81,2.8523,81.4385,2.2905,13.3944,0.1666,27.6348,4.0648,6.1939,3.3961,2.2866,0.0,12.9881,5.7459,9.008,1.8471,2.907,10.5952,8.9352,0.8379
TCGA-P5-A780,0.1497,103.4068,0.2954,2.9634,12.5438,1.5721,5.3218,9.4202,2.5306,3.5908,46.9428,0.642,16.1293,0.1011,4.6887,0.5858,3.9307,12.258,14.1129,21.6549,14.0162,30.6581,8.316,0.0846,65.7995,46.151,0.5487,0.7174,0.7977,5.1278,0.5907,8.6592,3.4053,0.4115,6.1687,3.6705,0.5334,4.9974,3.5226,0.1568,0.5972,1.9271,7.2729,0.2698,1.2482,1.2625,3.2043,0.3658,10.314,8.0652,9.1491,30.5702,4.4314,11.9802,5.6105,16.431,0.2828,10.9472,4.617,24.0879,0.3822,3.5523,2.8081,9.2075,1.8212,0.4286,8.0884,13.1939,7.1823,1.559,22.4262,1.9063,18.6497,4.1112,22.364,3.6856,45.0549,6.8881,6.331,8.1495,28.0333,3.7961,22.6887,1.2225,12.4268,0.309,26.1621,2.5664,7.5824,4.443,2.9997,0.0,7.9152,4.2428,7.9979,1.4353,2.996,6.7034,6.5188,0.2396
TCGA-HW-7493,0.1665,110.9918,2.9588,0.7349,5.2126,1.4581,3.9503,9.3343,4.7778,1.7137,35.4165,0.2362,13.2137,0.2118,3.9831,0.0635,5.6521,15.2635,6.6984,13.2649,2.194,76.2076,19.7336,0.0536,13.1799,28.9937,1.0033,0.0526,0.437,0.8952,0.9919,8.1922,3.0197,0.1369,4.8456,3.4176,0.7663,1.9349,1.3709,0.155,0.1039,3.4888,2.997,0.6894,1.4626,4.6893,1.2941,2.3697,14.3619,2.7376,9.2391,15.618,3.7594,12.2892,6.8575,13.3213,0.4442,21.1079,3.7736,20.0678,0.2582,4.8589,3.0805,4.9881,2.3558,0.1013,2.9048,8.2762,14.6847,1.174,21.0673,5.0311,18.4607,6.0431,11.9401,9.1049,61.7462,12.4203,3.6208,4.539,17.7476,3.6512,62.0341,3.4085,9.9439,0.1573,35.5686,5.5642,4.4059,2.8227,1.8185,0.0,7.9962,5.0201,12.8678,1.0411,1.9315,5.2701,7.8401,0.2623
TCGA-P5-A5ET,0.1135,48.9941,0.9902,1.2108,12.5641,2.0674,6.8849,7.3217,2.3104,2.6208,54.742,0.2289,18.2609,0.2217,5.8625,0.9165,4.0417,12.0405,9.0573,13.0349,13.5723,52.4663,7.1308,0.0564,47.1099,30.5751,0.4755,0.1631,1.4261,5.8216,0.2603,3.7865,3.3066,0.1481,4.3309,5.7483,0.7633,2.0447,3.7025,0.2237,0.0205,3.8245,8.2424,0.709,14.6809,1.9269,2.8735,2.57,8.2509,8.6676,9.2534,25.7037,6.5435,15.3102,5.1529,10.207,0.5286,16.4763,7.9933,31.0496,0.4077,3.0314,6.1172,7.0059,1.6957,0.3112,9.7391,12.372,11.6408,1.8304,7.977,5.8116,42.2685,5.3539,16.6631,16.6793,27.9405,11.0989,2.2935,4.155,26.3074,3.3044,23.5574,2.7657,11.7852,0.1371,42.6393,4.1836,6.767,4.6145,12.8715,0.0061,7.6162,3.9796,9.3883,1.3417,4.1203,8.6063,8.2609,0.0805
TCGA-FG-8186,0.0724,88.5166,1.8324,0.9737,11.4919,1.5745,5.5502,9.3499,2.2668,2.5329,46.3767,0.7188,15.9197,0.0708,5.0385,0.5471,4.4932,10.7995,22.7019,12.194,6.4306,83.9912,15.5607,0.0547,26.7133,31.5289,0.4581,0.0902,0.8718,4.4957,0.2076,4.2745,2.9845,0.2997,4.5239,8.4598,0.9443,2.6042,3.6008,0.2031,0.124,5.6855,6.5044,0.4373,14.4478,2.7282,3.769,1.5784,8.1953,8.2205,9.2959,21.0589,8.1876,13.2091,9.3867,6.794,0.6804,17.1471,9.3291,25.7506,0.1759,2.7789,3.6378,9.3253,2.2286,0.4028,7.5073,8.3056,12.8517,1.8941,18.876,3.2393,52.158,4.8745,14.9786,10.3891,28.9953,11.448,5.9511,7.2735,21.3311,4.055,47.6115,2.1155,3.5684,0.1499,35.3831,5.3768,7.3775,2.8027,7.7376,0.0,8.0903,3.122,9.6823,1.1024,3.4767,7.5759,10.7951,0.1454
TCGA-TQ-A7RQ,0.1986,28.2075,1.4297,0.8594,12.1914,1.4995,5.9537,4.7898,2.7106,2.3498,48.1489,0.2266,13.7336,0.0826,7.3844,0.8905,3.8946,11.8003,8.5698,14.1432,7.7259,103.4715,10.2782,0.06,29.9851,39.4172,0.6766,0.0604,0.4967,1.1691,0.2894,3.7188,4.1216,0.249,5.1583,5.3697,1.1294,1.7794,3.5272,0.119,0.0953,2.3323,10.0662,0.2489,13.4564,0.5048,3.1023,1.7503,5.5833,7.4638,8.1526,18.2485,3.5792,15.1115,17.5775,7.8748,0.5013,14.301,5.617,21.0724,0.1309,3.5552,5.9076,4.8259,0.9708,0.6734,7.8914,9.6995,5.4837,1.8988,27.2501,3.3765,26.9868,3.8463,14.6056,10.1493,27.8681,11.657,1.4786,1.0488,26.595,5.2885,35.9114,3.6255,6.8857,0.1273,19.9519,2.0816,6.8541,4.2002,6.2847,0.0,5.2325,1.2911,16.7181,0.959,4.3037,5.9656,7.8485,0.0533
TCGA-TQ-A7RJ,0.3321,116.8742,3.722,1.2446,10.6733,1.5126,5.5095,6.8987,2.6411,3.1353,52.7443,1.0596,14.254,0.0368,4.7093,0.3155,3.9611,10.4342,14.1241,12.9331,5.2158,60.9121,20.5457,0.0801,20.3329,26.897,0.3378,0.5516,1.5251,1.866,0.5279,4.277,4.2405,0.3414,5.4705,5.7342,0.509,2.313,3.4314,0.2196,0.5378,2.3745,7.1116,0.6336,7.2929,2.5993,4.9893,0.8108,11.9232,8.3245,7.3197,23.1761,5.2736,14.7841,8.1153,7.296,0.5852,13.3724,6.607,17.0882,0.1362,2.8532,3.6192,5.9161,1.9829,0.5279,8.6404,7.2188,14.5536,1.8905,13.1762,4.1771,21.7685,3.9698,21.3571,14.1786,35.8756,10.1582,8.644,4.2764,26.0209,3.8688,37.6249,2.2029,7.6964,0.2871,24.8789,5.0775,7.3592,6.2233,1.9538,0.0,11.8699,3.7506,6.4597,2.4955,3.5085,10.1489,8.7624,0.2165
TCGA-DU-8166,0.1014,66.3617,2.3658,0.7846,7.6578,1.6222,6.7029,6.6154,3.3296,2.3268,42.0833,0.282,13.8147,0.1167,4.1754,0.1978,3.8722,13.5117,13.147,11.866,5.8159,80.9765,13.8438,0.0482,14.584,25.1358,0.3744,0.054,1.9895,1.048,0.2004,4.1825,3.3896,0.4377,5.9317,4.9159,0.3613,1.6167,2.4944,0.1362,0.0195,3.2555,5.5745,0.497,1.688,2.099,1.6994,1.264,12.9663,4.9867,9.3725,19.8264,5.3949,10.8589,5.738,6.2418,0.2761,16.1714,3.4734,10.0552,0.1781,4.413,3.5466,3.3782,1.7232,0.2381,5.3802,9.5346,14.784,1.7549,21.2316,4.7483,32.3161,5.4818,14.5829,9.2079,38.659,14.2852,3.4445,3.4962,27.5577,6.1259,41.1452,2.6547,7.7439,0.0626,27.6707,3.2358,6.0175,3.0824,2.7162,0.0,6.7219,4.3758,14.3071,0.7136,3.0013,7.6009,5.5483,0.2633
TCGA-WY-A85C,0.2905,82.464,0.487,1.5984,13.7525,1.2611,9.0426,7.3614,2.3846,2.9479,48.7012,0.3251,16.4493,0.0333,5.7881,0.8164,4.669,17.6351,13.4637,22.166,5.9807,55.8362,11.1868,0.0667,15.5769,36.3744,0.2055,0.0523,0.8812,1.4549,0.6725,7.999,4.5845,0.6582,7.8892,3.2993,0.3737,3.4777,3.628,0.1395,0.4207,2.5669,9.7026,0.3351,1.4382,2.0224,4.2578,0.4298,10.1405,9.5736,9.0913,24.3168,4.438,13.804,7.0967,16.7346,0.5234,7.7501,6.1333,19.8349,0.0484,3.6149,4.8931,7.0136,2.4547,0.602,8.2929,8.711,4.7412,2.1081,11.5174,2.2766,20.844,3.5677,20.9153,5.9285,23.3936,10.686,7.2986,2.4482,33.9846,4.0381,31.9249,2.3158,13.1112,0.3525,20.2802,2.1489,7.7441,2.3004,1.6783,0.0,9.1117,3.1465,10.6442,1.7563,3.5957,11.3509,9.6456,0.3343
TCGA-HT-7467,0.1118,81.0479,0.9168,1.5373,9.3587,2.3357,4.8259,8.3143,4.612,2.0631,38.1228,0.3411,14.3031,0.2339,5.1521,0.2764,3.027,12.4041,6.5908,11.4048,29.6036,57.6463,5.6823,0.1132,128.441,30.971,1.4575,0.2444,0.8028,9.9612,0.4762,7.5061,3.5575,0.2164,3.6936,5.1385,1.5416,2.2266,2.3679,0.1856,0.0675,2.0621,5.3871,0.1664,4.8534,1.6237,2.8818,3.3034,9.5859,4.3976,8.2749,19.0633,4.0284,11.6058,10.2639,16.8337,0.3613,13.8047,5.9403,27.3063,0.7256,3.3002,3.6928,6.3361,1.7715,0.2984,10.9075,23.0459,6.2776,1.3953,24.2987,3.6339,18.5893,4.8351,19.6157,12.6119,24.1246,10.5257,2.7988,2.6677,26.0917,3.2357,28.0734,6.9408,9.0588,0.354,26.3311,4.3753,5.1347,7.2858,9.1918,0.0,6.743,5.586,14.5323,1.9007,2.4662,6.1598,6.9081,0.1735
TCGA-E1-A7YU,0.0587,49.1609,1.2834,1.1752,13.7,1.6783,5.2594,8.5772,2.3326,3.1915,61.7487,0.5665,16.9144,0.0489,3.9433,0.8878,3.9973,10.1423,9.6685,12.2996,13.6493,53.5008,5.9308,0.0587,54.6722,27.8897,0.557,0.5923,1.036,4.6431,0.3098,3.5662,3.082,0.2675,5.2549,4.9691,0.6875,1.8902,3.773,0.1498,0.3151,1.8946,8.321,0.3592,7.5592,0.732,3.9574,0.9448,10.5096,11.8447,7.7484,24.0431,6.1569,14.5212,5.0501,7.5055,0.553,13.3748,6.8959,29.9555,0.3148,2.8428,3.961,6.2123,2.5292,0.4687,14.7384,11.566,14.5932,2.0243,11.215,3.7046,30.738,3.4522,18.0372,11.8641,22.0804,8.766,7.3611,4.0889,22.2576,2.9416,29.8099,2.659,20.0724,0.1015,24.9732,3.9459,7.4786,7.8806,5.1076,0.0,13.404,6.0872,8.7214,1.7927,4.1752,9.3053,8.2025,0.2234
TCGA-E1-A7YE,0.1699,125.7517,0.0799,1.4811,10.7668,1.6333,6.2356,8.1336,2.7152,3.0606,32.1005,0.351,12.2234,0.0193,5.1772,0.6672,4.7991,11.6045,15.409,11.0439,3.6584,23.3941,9.6655,0.0643,12.8165,38.4687,0.2289,0.1255,1.5428,1.5259,0.214,5.9817,7.8171,1.0553,5.7217,4.156,0.6717,20.471,3.7569,0.0565,0.4594,2.012,6.2151,0.381,1.6553,0.3284,4.3299,0.3192,12.0905,9.7607,10.5262,29.8958,4.6206,20.4712,8.7463,9.9178,0.7139,11.1481,4.6966,25.0503,0.1154,2.5525,2.8645,5.551,6.9755,0.6393,8.7318,4.8434,4.813,2.2615,31.6147,3.8606,32.9718,7.7753,19.3737,5.4583,28.424,4.303,10.9727,5.0385,12.6179,3.3874,12.9731,0.5511,19.5721,0.0978,42.7408,2.8936,8.0091,2.2485,3.2873,0.0,7.9904,2.7658,8.4525,0.8146,4.222,10.9647,7.6641,0.054
TCGA-TM-A84B,0.0261,52.9378,6.5557,1.4392,10.2526,1.8108,7.3127,11.1172,1.7485,2.948,48.7342,0.0623,16.7638,0.0062,6.175,0.3141,4.3269,13.2717,17.7863,11.3251,0.4607,97.2139,16.4947,0.1526,26.389,35.5006,4.3895,0.4794,1.2598,1.7203,0.3604,6.074,3.6872,0.3513,5.0807,8.5001,1.7575,2.7696,2.9199,0.155,0.18,2.7054,6.0507,0.2367,0.4408,3.7613,4.1814,13.2187,24.3713,10.9175,9.0206,28.0517,6.102,33.0819,4.5522,12.5282,0.6508,9.7703,9.8728,14.3405,0.1147,3.3438,1.8818,5.323,2.5374,0.4373,10.3882,7.6551,17.3025,2.0817,36.1612,13.2829,41.8399,6.4443,9.1434,11.0185,13.3536,10.9944,2.1929,0.7038,20.6023,2.8521,23.042,4.0618,2.5622,0.1865,9.6575,12.2141,6.7665,1.8831,3.7861,0.0,11.5979,18.8095,12.8651,3.6034,4.2643,10.4569,5.0435,2.7274
TCGA-CS-5395,0.0138,86.4611,7.4565,1.5549,5.0312,1.4851,2.5408,10.2998,2.2199,2.1081,40.7419,0.1284,24.1741,0.023,6.0539,0.0299,4.6939,11.6825,11.9939,10.5448,3.6209,74.1321,22.0712,0.0241,25.9431,22.2213,1.4779,0.0612,0.2616,1.6144,0.3374,9.0097,3.2249,0.6327,4.8224,6.1422,0.6497,2.5006,2.0328,0.4205,0.2994,10.0516,2.2874,0.1996,1.1213,1.6662,2.5642,9.5977,15.7895,6.7953,9.4229,17.8882,4.8648,12.7208,4.1687,18.0684,0.4264,15.853,5.9164,18.2444,0.3405,2.9101,2.1182,7.8156,2.5731,0.1091,6.4335,8.5521,20.4229,1.6285,20.1126,3.0588,33.1835,9.9778,7.1357,18.2371,18.5029,18.1159,3.0372,0.3244,21.7314,2.3592,30.0678,2.8846,11.5963,0.1738,55.1033,18.5315,5.6047,1.9035,1.1235,0.0,10.0223,17.8879,10.3984,2.483,2.8169,6.8661,6.315,0.7735
TCGA-TQ-A7RW,0.1328,147.683,1.2276,1.114,10.1906,1.3031,5.0218,7.0803,2.3373,3.5772,40.9919,0.6045,13.2382,0.01,5.0367,0.5017,5.0352,13.4921,15.0003,15.8966,5.9579,32.0128,14.1743,0.0718,30.6816,28.2406,0.4329,0.2131,0.7499,3.0044,0.5349,4.4269,3.8847,0.6183,6.7308,4.2317,0.4975,3.2239,3.4289,0.1083,0.369,3.5576,9.1269,0.376,2.9583,1.4211,6.1217,0.3837,10.8484,5.556,10.4693,20.4568,5.6007,13.3438,7.8856,11.8946,0.6411,12.8565,7.0852,22.5766,0.2439,3.4068,2.385,6.1842,3.732,0.5767,8.6542,8.5266,7.0335,2.1698,13.9654,2.7879,23.102,4.5489,23.829,7.4344,28.8484,8.6291,8.1579,13.7509,21.9295,3.5603,33.6779,0.9159,18.3584,0.2012,23.6929,2.5683,6.7981,6.3716,3.2786,0.0,6.3544,3.468,8.238,1.8252,3.3091,6.0123,8.4443,0.2717
TCGA-HT-7470,0.0702,94.3062,2.7849,1.3606,6.0106,2.4365,4.5469,9.0142,4.6983,1.9904,43.4689,0.2748,13.8489,0.4346,3.9565,0.1726,3.4847,16.8771,8.279,11.3918,11.6661,53.2934,11.7473,0.0408,50.4121,33.6056,0.9564,0.1289,0.6894,4.7866,0.3318,6.476,3.0947,0.2078,3.9246,4.1006,0.8424,2.2598,2.2908,0.1786,0.0276,2.3656,4.06,0.3824,0.887,1.2042,1.6852,2.2337,12.9559,3.9273,9.672,21.6636,4.3777,12.5751,7.5766,14.4136,0.2762,16.6039,4.2715,27.6192,0.5345,3.343,3.9149,4.4596,2.0631,0.2075,5.101,16.751,14.4523,1.5624,21.3881,4.4944,20.1763,5.382,19.1258,14.6129,36.3783,12.3431,3.569,2.6634,24.5618,3.3619,43.5367,4.9392,11.1326,0.2215,39.5632,5.3077,5.7225,5.1608,3.3532,0.0,6.5066,4.301,12.2217,1.8781,2.0649,6.9703,6.8617,0.3632
TCGA-TM-A84T,0.1095,111.0148,0.6986,1.132,12.6184,1.185,6.1437,5.9573,2.3184,2.8102,42.9629,0.7373,16.1739,0.0383,4.3423,0.4167,3.9058,12.1737,10.4304,17.3723,9.6932,47.9276,11.4087,0.0411,34.7473,31.6207,0.1838,0.2018,0.8984,2.1654,0.1813,5.6431,3.9136,0.3399,6.7948,4.3358,0.3363,2.5528,3.4642,0.1714,0.0647,3.0143,7.4498,0.5982,1.1494,1.2614,3.6423,0.5091,12.4539,8.2632,9.0844,24.2942,4.8641,12.5481,6.5379,15.8129,0.2936,15.547,4.6198,21.0121,0.3544,5.0908,4.7569,4.9561,2.0057,0.2952,9.5175,8.9122,9.1009,1.7656,10.4233,4.7012,19.0423,4.6175,18.4155,9.6332,36.9286,11.9505,4.989,3.5383,42.7126,3.4498,21.8498,1.106,20.797,0.0676,22.7847,2.3707,7.0846,2.5902,2.1946,0.0,7.7974,3.4839,9.1079,0.7195,3.5303,8.2468,7.2944,0.1342
TCGA-HT-7606,0.3642,67.0494,0.2165,0.5075,10.937,1.5175,9.2852,8.3192,3.6208,2.8386,54.9016,0.194,22.3073,0.0322,5.9435,0.2259,3.9115,17.2709,7.9254,12.431,3.8118,50.2617,4.6876,0.024,23.8914,28.3848,0.4404,0.2955,0.5088,1.8446,0.297,3.6935,7.0313,0.4471,6.5564,3.3853,0.7518,3.749,4.1917,0.1372,0.116,3.2246,5.6968,0.1162,1.5003,0.3108,2.8624,0.4902,11.1556,2.6498,13.0675,34.0179,5.1032,11.8687,3.3157,8.7392,0.0937,21.5854,6.9782,16.8971,0.0681,3.8841,1.9675,2.7986,1.9521,0.229,3.4088,10.0335,4.2883,1.1596,14.9634,1.4646,14.8875,2.8811,30.6985,4.6077,20.9692,10.3999,4.9301,1.7231,36.5773,4.3928,16.2029,2.0226,6.0491,0.0646,20.9587,6.7176,9.0335,1.4297,1.0524,0.0,3.0894,1.7414,16.5135,0.8064,3.3365,9.8535,7.7625,0.0872
TCGA-FG-8187,0.0572,74.0834,2.1798,1.1768,11.5232,1.097,5.105,6.6646,2.1574,2.9008,48.894,0.3569,16.4788,0.1903,4.5389,0.4211,3.517,10.6363,11.3134,11.6711,25.8724,50.3409,10.4806,0.1361,107.3211,19.9479,0.9705,0.5758,0.6592,9.3338,0.431,4.3202,3.5817,0.2314,3.8075,5.1616,0.8732,1.826,2.6978,0.275,0.0411,3.2442,6.1598,0.339,6.7377,3.1852,3.0427,1.5243,7.4742,7.5224,8.846,16.94,4.5927,12.0307,7.9169,10.8482,0.8894,16.4954,8.1684,30.4099,0.4022,3.5192,4.2506,6.777,1.8106,0.4612,9.9282,19.3387,9.7383,2.1303,9.7999,6.6753,29.8326,6.9023,14.3946,9.8026,22.2477,12.1696,4.7967,4.7439,22.8428,3.8857,39.6689,2.7692,6.0854,0.5587,33.3645,3.7864,7.286,5.4909,8.6853,0.0,8.7512,5.4574,10.5907,3.6864,2.8215,5.9231,7.6184,0.0969
TCGA-S9-A6WQ,0.1834,128.5395,1.2358,2.2091,8.4762,1.0883,4.2758,7.414,1.9544,3.8611,40.2718,1.0692,11.7786,0.1046,5.2609,0.3168,3.6022,11.3208,6.654,21.8553,20.4515,52.6123,6.5012,0.0623,90.4731,29.406,0.4762,0.0444,1.0444,4.3547,0.2787,3.6742,2.8478,0.3308,5.8132,5.4005,0.8356,2.9265,3.1458,0.1856,0.2005,2.5135,5.1776,0.4232,1.2019,1.2105,4.0052,0.3198,8.9379,7.7955,8.3501,25.5839,4.9484,15.5346,5.9433,9.0563,0.9097,13.2479,9.0359,31.9878,0.4927,2.5992,5.0582,11.4821,3.0785,0.3975,12.6692,12.602,10.6688,1.7872,8.8689,3.1165,19.9567,5.1284,32.5656,10.8364,26.2715,6.7175,13.5953,5.8755,27.2351,2.8315,22.6802,2.0935,15.3201,0.2071,34.9732,3.2438,7.0493,6.159,5.5547,0.0,11.0705,5.6861,11.5351,1.1052,2.4207,7.4776,9.8603,0.1749
TCGA-TQ-A8XE,0.1548,49.2204,0.6896,0.6887,13.3246,1.796,5.6099,7.428,2.056,4.1516,63.687,0.3547,11.0922,0.0076,5.0577,0.7423,4.6677,11.5206,12.5638,21.0691,10.5327,37.4717,9.0122,0.0195,33.6425,39.3161,0.1176,0.0682,2.1852,11.2013,0.1917,2.7617,4.6248,0.3228,10.1976,3.9223,0.9645,2.8535,3.6792,0.1269,0.0398,3.6486,8.4805,0.5543,3.424,0.3088,6.6726,0.3763,9.3079,4.9064,9.0114,28.7676,5.6802,16.8942,11.3639,6.3449,0.763,16.0608,6.1174,28.6735,0.1841,2.9166,6.1488,6.9933,2.7324,0.48,8.784,9.1809,9.6629,1.6778,19.9688,3.0565,25.4077,3.9611,21.1272,8.8266,25.194,8.5714,4.6004,4.1915,32.7208,3.2885,21.1724,1.9225,5.8168,0.2277,19.3872,1.9698,9.3984,5.3754,5.4415,0.0056,8.1462,2.1984,8.7186,1.0206,4.6511,9.3104,8.8415,0.2898
TCGA-DB-A4XE,0.0899,67.413,1.3501,0.8832,12.4196,2.1222,6.1124,7.129,2.7303,2.278,40.4561,0.3439,16.3235,0.2804,4.7747,0.3761,3.5483,12.9048,9.1232,13.0345,7.9302,46.3205,13.3937,0.0454,32.3178,35.3796,0.4047,0.1619,0.5528,3.666,0.1992,2.1411,3.2059,0.2413,4.9467,6.991,0.879,2.3429,3.0783,0.1777,0.021,2.7808,5.4898,0.4602,4.0551,1.615,2.762,2.0824,13.3689,5.8624,6.973,22.9972,6.3595,13.0093,8.0715,4.5801,0.3348,17.129,6.6843,19.4076,0.2271,3.2858,4.2894,4.222,1.8144,0.2546,6.1063,12.4439,12.7357,0.9045,15.2595,3.906,19.7018,5.2361,12.5359,10.4128,41.723,11.5431,5.4883,2.0507,33.2914,3.7089,23.2888,2.5579,12.504,0.1804,33.9796,3.379,5.8173,2.442,5.1924,0.0,6.7598,3.4843,12.2362,1.1121,3.2944,8.9226,7.5757,0.0785
TCGA-P5-A72Z,0.0214,35.3983,0.1026,0.9613,17.4003,1.7357,4.9339,5.0601,1.5111,3.1116,73.5198,0.0634,21.5288,0.0213,6.9201,0.4934,2.8991,9.7471,6.4097,24.4519,16.2506,85.4132,3.2161,0.0467,23.1343,89.4469,0.0337,0.0217,1.186,0.3341,0.1533,2.7605,3.4574,0.5326,5.2822,6.1118,0.5731,3.6206,2.9461,0.0766,0.0337,2.5552,8.761,0.1158,2.567,0.4852,9.8572,0.2552,3.4247,8.9969,9.3614,41.9942,4.6289,20.3751,18.0609,7.8077,0.2435,11.6605,8.3267,24.3198,0.0188,2.1537,4.0219,13.4426,1.477,0.6059,8.8844,5.5038,4.5905,1.4234,36.6121,1.0042,35.8025,2.8884,17.2082,2.8754,19.7673,6.8675,2.21,0.1571,21.0966,3.5787,12.2144,2.5566,1.4514,0.3032,7.5883,1.0665,9.2677,4.4008,3.7137,0.0,7.6645,1.2913,17.4368,0.1307,3.4085,7.3582,8.9282,0.0
TCGA-DB-A64V,0.0857,125.8988,0.6529,3.2742,12.6316,1.1906,4.741,7.7431,1.6055,2.9561,54.7131,0.4274,16.6148,0.1426,5.082,0.434,3.1407,8.6685,7.1622,15.6567,32.1895,25.748,13.1147,0.1377,113.1985,30.6184,0.6825,0.2407,0.9609,5.439,0.475,5.0093,2.9828,0.2191,4.3391,5.9732,1.2352,2.7673,2.5044,0.1164,0.3745,2.1335,5.1633,0.2968,6.7337,1.1365,6.3922,0.8518,8.0185,8.5757,8.1595,22.6428,5.6219,14.2043,17.6926,11.7872,0.6388,15.8297,8.9698,49.8645,1.0596,3.1182,6.0745,12.4144,2.633,0.2904,14.8352,21.6317,10.4318,1.7288,5.9966,4.4524,21.511,5.5378,22.2621,11.4595,27.3769,6.7137,15.3194,3.1783,21.6855,2.7084,23.2294,2.3149,12.3134,0.1191,28.7192,6.6539,8.9282,6.8666,5.1297,0.0,10.3752,5.2404,7.3059,1.5677,2.9795,8.3188,10.2133,0.1082
TCGA-DU-A5TU,0.3241,207.1226,3.5556,1.8653,7.2013,1.3615,4.0799,10.1211,1.7232,2.9236,52.4113,0.3506,18.0471,0.0629,4.5778,0.4957,4.0006,10.3949,10.6214,16.2031,3.3898,46.7079,10.4331,0.0437,13.0024,34.2314,0.1412,0.0244,1.2409,0.388,0.1269,3.1851,3.831,0.4248,4.4938,6.4895,0.3136,4.2403,3.9823,0.0944,4.4255,2.8561,5.3253,0.5515,1.0535,0.8275,5.0966,0.5151,9.9631,7.5169,8.7275,28.9978,11.3567,14.925,7.3645,7.1677,0.6718,13.2195,8.3038,26.5857,0.1329,4.4191,4.8867,9.8123,4.4968,0.4044,9.8342,5.0763,11.9871,1.2495,7.7254,2.1714,33.6303,3.8993,14.1551,6.9034,26.6536,6.2863,20.7628,6.1367,18.0354,2.6247,17.2778,2.2069,11.6622,0.0867,28.8653,6.3449,10.1208,8.0748,1.8318,0.0,9.4866,3.6482,7.1124,0.6597,2.3693,4.9653,7.9469,0.0964
TCGA-E1-A7YV,0.4266,57.2099,0.2733,1.84,13.0978,1.681,8.1606,6.9129,3.2618,3.1479,50.5566,0.3088,13.8538,0.0606,6.2547,1.0672,4.1349,12.2025,16.649,16.7331,3.0487,41.6748,5.3611,0.0644,26.3383,20.7829,0.3684,0.1102,2.1908,1.2302,0.5026,6.8159,2.9734,2.3986,7.8384,5.2746,0.3788,3.0673,4.8878,0.1572,0.1168,2.3145,9.107,0.2641,1.613,0.6734,2.7736,1.5545,13.1402,6.6129,10.7547,26.1903,4.8562,12.7534,5.241,13.3211,0.4089,11.2615,5.2715,17.1673,0.1097,4.1507,1.9072,4.3833,2.3414,0.6253,9.9953,8.7712,5.5516,3.015,14.0244,7.44,18.734,3.9572,10.2999,4.1089,21.7906,11.6611,1.9962,1.1541,23.0008,3.0018,15.9809,1.4238,2.3583,0.1606,16.5868,9.2585,7.2882,2.3255,0.9031,0.0,7.6998,8.1737,12.2681,2.8772,3.3998,13.1761,8.4717,0.9449
TCGA-QH-A6CV,0.0904,120.1144,2.6013,1.434,13.1104,1.3683,3.4991,10.0595,1.1561,2.2335,45.3002,0.8034,25.2634,0.0475,6.8189,0.5755,3.5662,10.9197,11.8645,15.1405,5.4571,33.313,4.002,0.1789,37.5326,20.6895,2.5459,0.2541,4.747,2.8163,0.2995,5.3585,3.6256,0.4261,5.1735,15.3658,1.2502,2.7169,3.7022,0.0337,6.9898,2.069,4.6926,0.3817,0.0832,0.3933,4.6438,2.2604,12.7578,7.5285,6.4703,20.3289,8.9005,12.9144,5.3671,11.6674,0.3988,12.0327,21.9937,47.2458,0.3388,2.8373,3.7779,10.718,3.036,0.2391,13.4559,6.896,8.0708,1.1834,12.8516,6.0212,12.0935,4.3879,8.0824,13.9362,9.1196,8.104,20.399,0.4577,9.2672,2.2148,13.5137,2.2194,3.127,0.1264,20.9635,13.6432,8.6857,5.0344,2.6469,0.0,9.8596,9.2421,4.6261,3.5521,5.0343,8.9487,10.0292,0.3731
TCGA-HT-7607,0.0372,73.8005,2.0731,1.4021,5.5464,3.4258,3.3486,12.9432,8.2858,1.9046,44.6132,0.2299,10.4578,0.1855,3.7503,0.1383,2.9534,19.0798,4.7226,8.458,9.5898,75.1097,6.4244,0.0884,39.7526,39.8107,2.1821,0.0933,0.863,2.4562,0.5163,7.4061,3.3018,0.2138,3.3386,4.4415,1.9005,2.084,1.957,0.1736,0.9862,2.5674,5.9715,0.4337,4.411,3.8314,1.3877,4.4492,7.9721,3.5922,7.8111,16.3844,4.9516,14.0964,7.7973,11.6132,0.2712,16.5422,6.5244,27.4049,1.2342,3.5914,4.2795,5.7855,1.9208,0.2076,4.3881,12.1351,12.3629,1.5124,23.632,4.2244,16.7193,4.2249,12.7415,17.7659,26.7467,13.9211,3.6138,1.1903,14.7549,3.4379,40.9401,11.9388,5.8902,0.204,56.1435,7.2504,5.3889,9.1365,4.1069,0.0,6.9002,5.1912,13.3475,2.0045,2.439,8.1709,8.1819,0.465
TCGA-HT-A61B,0.1283,128.3149,0.1278,2.497,11.7801,1.3445,7.396,8.4341,1.5583,3.558,41.3017,1.1378,20.9055,0.0742,5.3901,0.5419,3.5411,9.5808,10.5948,18.7354,2.7975,13.6862,8.8943,0.0398,17.3199,23.2236,0.2271,0.0173,0.8696,1.7331,0.0643,7.6778,3.6732,0.7878,7.4169,4.0918,0.4883,3.3773,3.0885,0.1712,0.5752,2.817,8.5435,0.193,1.373,0.3149,3.8834,0.1595,10.138,8.5308,12.4162,30.4104,6.762,15.7436,4.2918,11.9345,0.2408,18.0188,6.4106,23.5702,0.1519,2.8164,3.0572,10.6811,3.5635,0.1703,9.4044,6.0788,4.6942,1.9418,7.15,2.5813,24.7444,4.1087,12.5367,7.3132,21.6292,6.362,24.7937,6.08,32.4182,2.6418,30.4331,1.2767,16.2385,0.1963,23.3595,7.6689,11.9725,4.3478,0.9232,0.0,9.9264,6.2686,8.5558,0.5043,3.7068,7.8574,9.7253,0.2554
TCGA-S9-A6UB,0.0359,39.1053,0.9384,0.5932,13.0288,1.6299,7.8756,4.9628,1.4011,2.896,56.4519,0.4382,10.9203,0.0513,6.8793,0.4325,4.3243,13.5024,4.3143,16.9427,11.9628,97.2966,5.9564,0.022,47.7107,43.3691,0.2528,0.0493,0.2955,2.6606,0.1274,3.3161,4.4796,0.2046,4.8622,4.9646,0.7046,2.3249,2.6486,0.0752,0.0171,2.9415,7.2729,0.2044,6.7409,0.9706,2.4471,0.8652,6.2158,7.0041,10.9706,25.4506,5.1997,13.6814,10.3837,8.5927,0.4125,14.4349,6.7287,22.5258,0.1128,2.8255,6.1055,7.5881,1.4643,0.7184,8.9668,10.8386,6.0303,1.8953,29.0109,3.1062,31.6212,5.0666,25.3601,3.429,24.2507,10.3928,1.7083,1.3693,31.4242,4.4667,14.2714,0.9892,8.6691,0.0919,16.6571,0.7947,7.0128,2.0286,6.9911,0.0,7.2942,1.7238,18.2413,0.6966,4.7834,7.5182,10.5266,0.0359
TCGA-S9-A6WL,0.032,115.0151,0.3879,1.558,11.6729,2.6627,3.7459,9.7015,4.9699,2.0112,40.7782,0.4358,13.6619,0.0533,6.5544,0.4554,2.3171,10.9418,4.3931,13.5125,13.6302,53.3171,15.6458,0.1042,27.4515,50.6862,0.6702,0.0739,1.5051,1.6576,0.9016,15.0593,4.1977,0.3675,4.7373,5.5466,1.2949,2.0386,3.1527,0.3404,0.171,2.6058,6.2436,0.2557,6.3528,4.1417,3.779,2.8822,9.0157,6.656,6.4635,20.2138,5.0548,15.9035,8.7808,23.4654,0.1753,12.4763,7.7989,22.0211,0.2018,3.2475,4.1486,9.6804,1.4798,0.6366,7.8894,7.2195,7.2614,0.9424,29.3623,2.6883,14.4229,5.5855,18.5668,8.4052,29.4486,10.7333,1.7857,0.8928,19.2725,3.5519,34.8075,4.1246,9.6823,0.1582,30.7451,3.1176,5.674,2.4042,6.5486,0.0,6.6471,3.7326,13.9433,1.0379,3.0331,7.0559,10.0476,0.1534
TCGA-DU-5871,0.1794,81.4142,2.1773,1.3695,7.4874,0.8097,3.1712,6.7661,2.3747,3.5219,52.3023,0.4778,17.8972,0.0383,4.0462,0.2632,4.4151,16.2903,12.375,17.5621,4.082,82.419,31.9177,0.0263,22.504,37.3261,0.179,0.065,0.6809,0.7524,0.3934,3.5204,2.9222,0.219,6.7766,2.8965,0.3972,2.3036,2.2224,0.1477,0.0459,2.4601,4.2149,0.7112,1.4584,3.5331,4.154,0.5206,12.6642,3.7257,10.3684,25.077,5.2533,13.0574,9.9386,7.1159,0.1351,13.6173,4.1388,27.7883,0.0849,2.9188,4.3243,5.7264,3.4926,0.2311,7.08,7.3102,10.4478,1.2534,17.038,4.25,24.9356,3.5307,22.2729,11.2738,46.3333,10.3315,5.7729,2.108,27.0795,3.9736,47.2213,1.3157,3.646,0.0824,33.1507,1.7959,6.5194,3.4968,2.9057,0.0,11.0823,2.7892,14.118,1.2327,2.5615,9.6201,7.8395,0.1321
TCGA-FG-6691,0.1435,295.2846,4.639,0.7716,8.0345,1.0224,3.5833,6.2154,2.1062,2.0406,38.3994,0.7178,16.4419,0.0,3.8581,0.0892,4.5324,13.9076,10.1639,12.6248,2.9244,47.6553,19.4316,0.06,13.406,27.3768,0.1308,0.4151,0.6618,3.4962,0.2216,3.512,3.5651,0.3533,6.2925,4.6193,0.4919,2.1637,2.3782,0.1643,0.0669,5.419,3.1642,0.5444,1.5845,1.3893,5.2234,0.951,15.8948,4.9487,9.1035,21.1065,5.6167,12.4402,16.2646,11.3271,0.2854,14.7978,10.2104,30.3765,0.0841,4.2091,3.1225,6.8491,4.3026,0.1242,3.4142,8.0766,11.529,1.5634,12.6605,3.773,21.2478,5.1253,11.9672,6.8288,36.6344,12.1088,10.4705,3.3851,26.7187,4.468,29.5713,1.0463,12.0391,0.1423,22.8237,3.8542,7.7051,2.6416,1.5796,0.0,7.9655,4.0399,9.3625,1.2324,2.9547,6.884,7.238,0.1856
TCGA-TQ-A7RO,0.1261,52.8385,1.0815,1.5343,9.8465,1.2329,4.525,5.1869,3.0375,2.8209,41.8095,0.0915,13.9843,0.0638,4.4458,0.4321,4.1973,12.3004,8.4912,8.9587,3.7369,111.014,16.4791,0.0339,22.5468,38.0801,0.3732,0.0294,1.2161,1.082,0.2575,6.6946,3.3595,0.3887,3.891,6.749,0.8347,1.7492,3.2369,0.3314,0.0638,3.4096,5.4631,0.4934,4.0232,4.7845,3.1401,4.2384,10.2932,6.728,7.1338,21.0607,4.395,14.2018,16.2288,9.009,0.2841,13.7295,9.3001,17.9492,0.1156,4.0027,2.7105,3.4262,1.783,0.6914,7.7372,9.5496,10.5743,1.9253,36.2435,7.6281,35.5844,6.7932,14.0539,13.0001,38.4472,12.9339,3.1651,4.5633,24.8634,4.8422,30.5832,1.8951,7.6013,0.1455,26.8022,3.7215,5.7063,4.2637,16.3327,0.0067,6.26,3.8099,12.9469,0.6968,4.9546,9.1254,7.6305,0.2936
TCGA-QH-A6CY,0.1436,47.2468,1.2302,0.6554,8.2185,2.8911,6.2567,10.2116,4.2029,3.1715,48.9993,0.2663,12.6945,0.2945,4.746,0.2532,2.9895,15.1046,5.778,13.068,13.2351,64.0581,5.8544,0.0638,46.5073,27.6786,1.1475,0.0392,0.7702,5.4472,0.2502,4.3984,3.3854,0.1461,3.4072,4.5855,1.3276,1.7306,2.0209,0.1446,0.0318,1.5769,5.0298,0.4224,6.5768,1.4416,2.2353,2.434,8.18,4.6138,9.5626,21.0571,5.9104,14.0471,7.4567,8.1544,0.2728,16.8733,8.6783,29.2466,0.6392,2.6835,4.7562,6.0421,1.4797,0.3489,7.1203,15.6676,11.5618,1.6207,18.5976,5.0215,23.5668,5.6988,13.5675,16.0128,32.3585,12.4157,2.6364,3.7027,17.0213,3.0308,30.9798,5.9777,10.5104,0.3043,33.6976,5.2178,6.3856,7.5306,8.1034,0.0,6.7598,4.3526,12.605,1.136,2.4763,6.3666,8.1512,0.1672
TCGA-HT-8013,0.2065,149.6061,0.7741,1.4707,11.1244,1.0445,5.9945,6.9543,1.7378,2.0087,42.2237,1.1976,14.9679,0.0125,6.827,0.4053,4.0157,10.2377,14.1667,13.6739,8.224,45.362,15.746,0.0339,32.9803,27.8301,0.1871,0.0541,1.3789,2.5962,0.1248,6.1406,3.5665,0.336,6.8649,6.7966,0.5297,3.0346,4.3752,0.0638,0.114,5.3564,6.7377,0.615,1.5419,1.4797,6.1987,0.3103,10.4404,7.6117,9.5436,25.2217,5.9836,14.4752,8.5468,5.973,0.2659,13.4736,5.9154,20.9571,0.2837,3.1645,3.5161,6.3779,3.8947,0.3365,9.4044,7.8203,8.7581,1.9271,9.9808,3.9354,18.2978,3.6737,13.1535,8.4431,31.7561,8.1542,24.942,2.3246,29.4112,3.499,28.6129,1.4778,11.0472,0.1344,25.75,3.7496,7.5542,4.3632,2.6155,0.0,9.2211,4.2746,9.9519,1.127,3.0631,7.8377,10.1961,0.1632
TCGA-DU-6397,0.0565,74.5392,1.1991,2.2604,10.601,1.266,5.8132,7.5304,2.1499,3.549,57.1629,0.2095,17.8792,0.0506,5.3745,0.2579,4.4525,11.4668,5.0044,16.189,6.9586,128.5052,11.4265,0.0434,35.8197,38.3335,0.2231,0.0736,0.7624,3.3485,0.3484,8.0681,3.3494,0.2045,3.7142,4.5247,0.9083,2.3978,2.4227,0.3323,0.2204,2.6128,5.019,0.3107,12.293,2.5659,4.1313,1.3503,6.9319,5.1084,8.5792,26.6067,4.9569,12.7361,18.5244,22.8761,0.3039,13.8967,8.5444,27.7198,0.1145,2.6023,4.2803,10.2535,2.8253,0.4536,7.5729,9.615,9.3037,1.6471,41.4018,5.0823,52.0999,6.0617,35.0363,7.9215,28.7103,10.1456,3.6696,1.8116,20.1563,4.1797,41.0613,2.4677,11.3352,0.1073,20.653,2.7651,6.4508,1.6932,7.4351,0.0053,7.663,1.6769,16.7559,1.1592,3.9273,7.0176,8.6105,0.0337
TCGA-S9-A6UA,0.1983,286.6535,0.0145,5.1126,9.944,2.5814,4.7532,11.876,2.3556,3.3268,32.4711,0.9514,15.4194,0.6238,3.9229,0.3676,2.8963,8.9588,5.5482,13.3471,8.266,16.2202,12.1661,0.123,19.5019,32.029,0.8279,0.4663,1.5025,2.6516,1.53,3.1913,4.3294,1.8847,5.5239,4.8391,1.4888,3.3424,3.5382,0.0427,23.0114,2.4071,4.0783,0.5794,0.7846,0.3591,5.9545,0.7235,7.791,7.2101,7.9736,22.8881,4.0336,13.3043,6.2573,6.7323,0.3797,8.1571,8.0274,42.2401,0.2613,2.4787,2.7834,8.3868,5.721,0.4332,7.5683,7.385,4.9235,1.4649,71.1447,3.1954,19.9475,5.2175,6.7971,10.4124,19.4887,6.2898,18.9592,5.3683,17.7896,2.6058,13.8287,0.5954,8.8678,0.1357,23.6818,8.9748,7.8835,5.9342,4.5829,0.0,7.0248,4.8383,8.8263,2.6548,4.2813,7.3828,7.3577,1.0773
TCGA-QH-A6X8,0.2332,57.377,0.5557,2.108,12.821,1.3916,5.5227,4.157,2.1286,3.0065,73.8335,0.6178,17.9483,0.0554,6.1383,0.3699,3.786,10.156,6.6645,28.8606,15.9077,117.267,7.8676,0.0385,76.6225,52.1571,0.2632,0.5,0.7202,2.9458,0.5482,4.1719,2.8667,0.3669,3.2281,7.3089,1.1367,1.5007,2.9812,0.1393,0.0594,1.1114,6.0408,0.4008,19.2233,0.3276,3.9466,1.0679,6.888,5.2316,6.928,36.3848,5.6443,17.6506,18.4283,7.9041,0.4521,13.4695,9.909,34.3818,0.2091,1.6546,3.8489,5.2191,1.4495,0.4782,9.6731,13.1443,4.9463,1.0384,11.7802,4.6068,29.8094,6.1181,17.7145,5.5448,24.4643,10.2185,6.8676,0.6205,33.6289,3.4695,16.2906,2.37,2.4599,0.2556,17.7603,2.0919,7.4031,4.5414,6.4014,0.0,9.1071,2.6299,16.7108,0.7294,3.5249,7.8507,9.7494,0.1108
TCGA-DU-A7TA,0.1383,84.4587,0.5624,1.011,15.0423,1.4341,2.466,11.726,1.8572,3.8578,47.0368,0.5219,15.9609,0.0159,6.1709,0.5973,3.2786,12.3215,13.9185,20.7233,4.1412,37.3236,14.2137,0.2473,10.7176,36.6433,0.0638,0.0256,0.5966,0.9616,0.4122,4.2679,3.1506,0.5035,6.8982,8.0411,1.2227,3.3361,4.3632,0.1216,1.335,1.7285,6.3538,0.3247,2.291,0.3596,7.3853,0.7823,11.6383,8.177,5.6177,28.9491,7.2181,17.1135,8.5535,10.432,0.4037,18.2349,7.9992,24.3152,0.109,2.5201,1.4838,3.5479,3.3482,0.4276,7.1149,6.0577,4.4416,1.1233,12.2778,1.4425,16.3411,1.2548,8.7363,2.479,36.7039,8.0447,7.5722,10.5113,20.7826,3.8069,43.1724,2.3633,15.5304,0.1001,13.5658,2.5666,8.8658,4.4499,3.2044,0.0,2.3781,1.4382,8.3619,1.5266,4.8484,8.0969,8.6925,1.8436
TCGA-HT-A617,0.2727,83.6125,4.7412,1.4898,7.4032,1.2373,5.1729,10.9665,2.4642,2.1964,45.1134,0.5828,10.8798,0.0986,2.1891,0.2752,4.2793,13.7602,9.5918,11.2075,3.9422,92.6959,10.6287,0.1213,30.08,18.7298,1.4415,0.1742,2.5487,2.9979,0.3862,3.6623,4.1608,0.2086,6.8334,6.1,1.3771,2.353,1.7503,0.2044,2.7963,1.4095,4.4101,0.3215,0.5387,2.9718,7.1553,14.3951,16.121,3.6938,8.4502,10.937,6.449,12.8358,6.3253,7.3007,0.2253,16.2658,21.2854,29.1137,0.4949,2.5927,3.6591,10.1782,5.2076,0.111,8.1672,8.6784,10.1386,2.0149,17.8525,4.7943,13.2002,8.771,8.3045,15.3419,16.149,10.269,10.2267,0.5421,17.2869,2.067,13.8371,2.4532,3.4948,0.0549,34.4094,10.03,5.2606,2.8929,2.916,0.0,8.6215,11.922,5.7115,4.8873,4.4743,9.0295,7.7314,0.1749
TCGA-DU-7018,0.1306,81.811,0.4658,1.1742,10.6384,1.6565,5.0339,7.3222,2.2055,3.0151,47.9858,0.0404,17.1792,0.0,5.7042,0.225,2.1701,25.3447,2.1875,25.3728,3.7474,99.2853,4.4125,0.0252,14.7881,51.2908,0.0936,0.0395,0.5278,0.7886,0.47,8.4658,3.8469,0.4539,6.4046,3.0003,1.1361,2.1997,2.1317,0.0822,0.0298,5.6476,4.1523,0.113,3.8842,1.4391,2.2188,0.2867,6.7285,3.9021,8.1145,24.0298,4.9531,12.0464,13.3831,19.8829,0.1907,14.5838,7.4499,25.8122,0.0246,3.7762,3.6143,8.0114,0.7444,0.2789,6.0405,10.5576,6.8548,1.1795,77.0691,2.2628,25.4204,5.9246,16.6552,3.9754,28.1968,13.7459,1.084,1.32,27.705,4.8981,34.4941,1.5452,4.9081,0.3591,21.1657,4.2883,7.0792,1.6328,8.9962,0.0,6.0546,1.3728,18.3153,0.7915,3.0197,8.1221,7.4422,0.0628
TCGA-P5-A5EV,0.14,101.325,1.7235,1.5179,9.7091,1.4818,5.3372,10.0477,2.5997,2.932,59.0644,0.2689,22.8447,0.0915,5.6322,0.1295,4.6386,13.8622,12.3792,20.2996,4.5509,63.4844,16.7519,0.0238,20.413,32.9856,0.1352,0.0692,1.2276,2.787,0.2658,6.8073,4.3837,0.613,5.8693,8.1704,0.5309,2.6725,2.9538,0.2525,0.0333,3.7898,5.0619,0.2336,1.7928,1.2923,4.1129,1.1441,13.7796,3.0918,6.8559,25.351,7.8089,15.3556,6.6652,21.4735,0.5915,19.7843,14.0422,40.1924,0.0922,3.2732,5.5815,6.8043,1.9291,0.2413,7.995,9.5695,14.1912,1.3441,14.9521,3.9868,31.7075,4.8627,20.0396,8.8573,31.2774,9.2306,4.487,1.1817,31.8806,3.3369,36.9889,1.7376,13.0199,0.1142,31.7467,2.4613,7.2539,1.9778,2.7598,0.0,10.3096,3.0065,9.4726,0.7028,4.3607,10.6219,8.7218,0.0621
TCGA-TM-A7C4,0.0641,47.3502,1.2082,0.8675,8.5043,2.6648,5.0532,10.6103,4.5853,2.1709,45.968,0.5513,11.3704,0.1745,5.3348,0.3146,3.39,13.7971,13.7819,10.7446,5.0935,71.4895,6.5436,0.1192,20.4245,30.1756,1.9146,0.0296,1.0667,0.344,0.328,4.5469,3.8822,0.0935,4.6704,6.2679,1.3676,1.9234,3.3082,0.1651,0.5041,2.1957,8.6553,0.2858,2.5511,2.0223,1.5837,2.5342,11.7207,5.2893,5.4665,20.4898,5.4985,14.0175,4.584,10.0007,0.4983,16.9815,4.4593,21.2856,0.3482,3.6187,4.7628,5.1607,1.1345,0.3215,6.9501,7.0181,16.1779,1.2404,17.1033,3.7453,12.2706,5.4776,8.1889,17.5483,37.7412,12.7481,1.6514,1.8299,16.341,2.8361,34.0762,6.5763,9.8765,0.0971,42.6347,4.6322,5.7093,3.9604,1.878,0.0072,8.1398,5.0635,11.4965,1.3785,2.6189,8.2961,7.3139,0.5609
TCGA-HT-8564,0.0709,66.3034,0.7255,2.0472,9.7717,3.2069,6.4071,9.6554,4.5687,2.1247,57.6601,0.5917,14.8383,1.4814,2.9169,0.3635,4.2943,11.5611,15.1123,9.224,8.7548,58.8871,4.9672,0.2825,38.0149,25.6824,2.4305,0.1089,1.4871,2.505,0.7716,5.0158,4.3755,0.5594,6.1075,6.0597,1.3371,2.5636,3.2579,0.3703,0.3299,3.1806,7.6702,0.2658,1.423,1.4048,2.337,2.045,10.9756,4.3769,7.2526,15.1761,5.2041,11.0928,2.2549,9.0645,0.5511,15.3934,4.1721,21.7449,0.6034,3.3015,2.5035,4.8653,2.1462,0.227,6.1379,8.7902,12.0306,1.696,24.6499,3.211,19.5507,4.7967,11.2285,18.2588,18.3228,12.8939,4.6088,2.2256,20.5809,3.5236,24.7802,5.7843,7.6414,0.2489,43.6632,4.9242,5.2799,6.3013,2.731,0.0,7.8865,7.1376,10.2373,4.3864,3.064,7.3201,6.3223,0.7394
TCGA-RY-A847,0.0309,117.7374,0.99,1.4407,9.321,1.9822,5.1611,7.9038,3.1,2.7567,47.7351,0.3549,13.086,0.2259,5.2362,0.2666,2.3336,14.5684,4.6263,12.3019,6.4982,75.789,7.6294,0.047,23.049,26.8692,0.6453,0.0314,0.6434,0.9833,0.2845,6.757,3.6435,0.3961,3.7734,4.4788,0.8636,2.153,2.3686,0.1224,0.0693,3.4098,4.4698,0.6231,6.1631,2.3353,3.3606,2.5037,6.0073,5.8707,8.8883,17.1237,5.2688,12.2257,9.3718,16.7833,0.5598,17.0403,10.0611,28.7121,0.5315,3.4194,7.484,6.4266,2.4457,0.3223,8.8914,9.5945,12.2463,1.6267,11.9691,6.0727,29.7598,5.1207,15.2064,19.5117,29.2949,12.7793,8.8109,2.6217,20.0444,3.6946,31.3786,4.0592,20.6181,0.1677,43.1516,5.7096,6.1478,5.6867,9.9707,0.0,6.4193,2.649,10.0747,1.05,2.9231,6.021,7.6498,0.0671
TCGA-FG-A713,0.1091,47.5853,0.8795,1.9361,6.8022,4.4174,3.6927,10.6316,6.7724,1.6142,47.6958,0.2698,9.0493,0.6135,5.5554,0.4206,2.1869,12.4046,4.0676,10.8315,23.4258,46.9509,2.1993,0.1211,70.6354,40.957,1.9796,0.0293,1.7434,3.5739,0.3338,5.0165,2.9395,0.0591,2.6913,5.6445,2.5302,2.3586,2.9306,0.1741,0.0497,1.2662,6.9725,0.2068,3.9784,1.2124,2.083,1.8394,5.8149,4.7563,5.8322,19.5978,4.7156,14.5922,5.9623,8.5503,0.3813,13.4471,7.1597,27.5606,1.1821,2.4982,4.3324,5.0663,1.0469,0.4043,9.5009,11.3368,6.8167,1.4618,19.8924,2.0019,11.8095,2.6587,15.3613,28.8415,20.8747,12.3414,2.2307,1.8732,16.6543,2.5365,31.1945,11.8679,13.3051,1.0936,63.3101,7.618,5.7028,12.5134,6.3491,0.0,7.1177,4.1669,10.9998,2.327,2.5063,6.5018,8.5495,0.3145
TCGA-DU-7012,0.0414,253.039,4.2691,3.3118,5.0344,1.0029,3.399,15.9211,3.0596,2.3508,39.1217,0.1458,13.9607,0.0344,4.303,0.1028,5.1062,10.5227,12.0393,11.5611,1.4116,45.4063,23.0385,0.0591,16.4656,18.6547,2.4601,0.0935,1.5771,6.3821,2.0411,5.0224,2.9275,0.4583,5.5503,6.6987,1.4618,8.284,2.4229,0.1153,6.1222,6.6741,3.7423,0.4631,0.1223,3.0018,4.2642,5.1252,12.8068,3.4741,10.6772,20.009,4.864,10.2212,5.3451,10.2301,0.3217,21.3179,7.6347,17.554,0.2109,4.3857,2.1922,12.4392,5.559,0.1753,3.335,8.2154,11.6574,1.552,30.2231,4.3271,12.6496,7.1363,8.0492,8.7338,20.0487,11.6878,13.5626,5.748,20.1191,2.368,30.07,2.2089,5.7103,0.1022,45.0177,8.6602,6.9221,4.1083,2.2848,0.0,7.9764,6.6835,8.7307,2.3948,3.3528,5.8657,8.4294,0.7773
TCGA-FG-A6IZ,0.017,47.073,0.4886,0.9871,20.6088,2.4006,4.9304,10.2322,1.2173,4.5803,84.5838,0.537,21.202,0.0378,4.9459,0.3065,3.1659,7.995,3.3966,39.4593,5.6115,50.2767,4.2972,0.0081,17.9618,46.4064,0.0759,0.016,0.5042,0.3513,0.1208,1.9549,2.2873,0.1293,4.169,9.5519,1.6227,1.4449,2.0157,0.0804,0.0449,0.7025,4.4966,1.4443,6.9887,0.2697,4.7998,0.8915,5.2168,11.9443,5.5904,36.6952,10.4491,22.8162,10.4483,5.6575,0.3825,20.8347,13.1912,60.5155,0.0948,0.9401,15.4184,15.2046,2.0674,0.1454,14.1418,10.4809,11.6211,0.8564,13.3132,3.9731,35.181,4.6616,11.5458,8.4952,16.6315,7.6931,6.2653,0.5025,13.6644,3.6498,17.4415,2.8351,5.0873,0.028,15.6504,1.9169,12.1498,3.5299,3.4629,0.0,11.9425,2.238,10.5965,0.3584,4.7977,8.5857,11.2963,0.0088
TCGA-FG-A4MW,0.1111,83.0204,0.3915,2.0554,10.8498,2.5287,4.2682,6.2838,1.8526,1.8816,40.9912,0.2536,16.0761,0.0995,5.2928,0.4151,2.6797,8.7713,11.7006,14.2719,18.7815,28.3924,3.669,0.0528,65.6173,31.3884,0.4882,0.0796,1.9452,4.1321,0.1704,5.5759,3.3064,0.2078,5.1151,8.1469,1.3265,2.9413,4.073,0.0968,0.4975,2.6609,6.6203,0.4239,0.95,0.7207,4.0715,1.2005,11.4446,8.6858,7.9985,23.6657,6.6045,11.6477,5.2473,11.8999,0.3838,10.3545,12.4345,32.025,0.5105,2.611,3.779,8.7448,2.0548,0.202,15.2908,11.0642,8.5988,1.7831,15.9576,4.3725,23.3724,5.4659,12.812,13.0701,11.4949,8.3282,7.2939,1.4224,22.1332,1.9082,19.4639,2.4659,5.467,0.1741,22.1439,8.1139,6.3972,5.9122,5.3423,0.0,9.0783,6.5837,9.3569,3.4887,2.5969,7.3078,8.2835,0.1525
TCGA-DH-A66G,0.0792,87.0855,1.5897,1.9923,8.0098,2.9791,4.7397,9.4559,5.0513,1.8574,31.5296,0.4797,12.3526,0.1931,4.1791,0.5584,3.6868,11.732,14.185,7.5404,5.0324,47.0511,12.0903,0.0829,19.7734,42.5777,1.0971,0.0209,1.2829,1.0322,0.2128,5.0511,3.1746,0.2048,5.5359,5.387,1.129,3.9934,3.2178,0.147,1.6726,2.2159,6.0762,0.478,2.5317,1.5407,2.4053,1.9931,11.9489,6.2686,7.3263,16.6361,4.4804,12.3582,5.1719,6.3066,0.4969,11.7451,4.1491,18.9799,0.2458,4.5642,3.3459,5.2612,2.6774,0.4004,5.9551,6.205,12.7155,1.7024,22.7002,2.6472,20.7212,4.7311,17.9952,11.1187,34.3043,10.8105,4.4681,16.0892,19.0089,4.6828,39.9449,5.0178,10.1479,0.1531,41.7395,4.5477,4.188,2.9557,1.4421,0.0,5.8242,2.1362,13.6497,0.713,3.1962,7.8125,7.4284,0.2417
TCGA-DU-5855,0.1863,98.6895,0.4473,1.8862,9.0751,1.115,3.8547,8.7748,2.4364,3.748,55.253,0.6677,17.034,0.0423,4.5263,0.2972,3.9446,10.5767,15.8149,17.977,5.8042,56.7318,14.066,0.0141,20.4238,30.423,0.1892,0.0933,1.1019,1.7077,0.2383,6.2606,3.1665,0.3484,8.3321,4.3228,0.5543,4.0905,2.5633,0.102,1.0832,3.1893,4.2604,0.5228,0.553,0.6109,6.9813,0.5196,9.8517,3.5743,9.31,24.3789,6.4518,12.6261,7.6585,10.6717,0.3146,12.2064,7.2285,26.362,0.16,3.3916,3.4683,7.8758,4.6753,0.3088,7.5486,6.8195,7.6912,1.154,20.0762,1.8392,23.4894,6.9212,18.1097,7.3947,25.9455,8.2375,9.5561,7.1967,32.6865,3.9982,60.7787,1.5491,6.9219,0.1543,27.3865,2.3534,8.3268,3.3018,2.4028,0.0,7.7385,2.6436,9.6617,0.92,2.5591,12.9972,8.2036,0.1282
TCGA-DU-A7TD,0.213,159.8679,0.6444,1.5402,10.0055,1.624,5.9726,9.6729,2.0744,1.6784,36.4976,1.58,12.0569,0.0605,7.0611,0.6785,3.1376,8.8787,20.5656,10.4103,3.5877,40.5567,10.8773,0.0371,16.5474,19.6028,0.1926,0.0763,1.1911,0.9457,0.2026,6.1971,4.6575,0.6881,5.7737,10.3634,0.6564,4.2227,4.5436,0.0343,5.984,2.0292,6.6801,0.3086,0.2492,3.3886,6.2196,1.737,14.7014,9.5126,10.3724,29.9419,6.9224,13.18,5.1139,12.2173,0.5877,10.8593,9.1288,19.1435,0.2419,3.3739,2.2448,7.5239,3.9556,0.5885,9.2482,4.1272,10.5807,2.0657,20.2452,5.8861,19.7863,4.2595,6.1795,7.0711,13.429,10.2986,13.5489,0.2327,11.9632,2.9933,21.7661,1.2801,2.1706,0.1122,18.2271,11.3813,5.7098,3.8775,1.3817,0.0,7.7344,8.3465,13.3382,1.2186,4.343,9.022,9.3176,0.2983
TCGA-HT-7468,0.0157,96.1994,1.3468,0.9458,9.7187,1.1263,6.7865,4.9507,2.6587,3.3419,49.8529,0.1604,10.0742,0.0196,4.6069,0.365,4.1214,13.3022,11.5651,15.2914,3.2704,97.169,19.4271,0.0224,20.0015,37.456,0.1912,0.1288,0.2213,4.1983,0.331,8.1891,5.8461,0.4842,4.4318,4.2236,0.828,2.6096,2.1891,0.2079,0.0311,3.112,6.3968,0.3198,3.1699,1.7907,1.6657,1.8947,9.3922,5.787,10.8678,26.776,5.4927,12.588,17.6332,22.1042,0.3124,15.6754,6.3946,18.5374,0.1796,4.063,3.7553,6.65,1.5848,0.2673,4.6608,13.2572,6.4973,1.8191,26.4394,7.5765,40.0239,6.5108,10.5638,4.1814,34.0163,17.7764,2.2075,7.1164,30.6849,4.667,42.1691,2.0883,11.1198,0.068,17.4404,4.4802,5.6788,1.6016,6.9511,0.0,5.7946,2.8632,14.2625,1.0156,3.3648,7.0077,8.1645,0.0519
