,hsa-let-7a-2,hsa-let-7b,hsa-let-7c,hsa-let-7d,hsa-let-7e,hsa-let-7g,hsa-let-7i,hsa-mir-100,hsa-mir-106a,hsa-mir-106b,hsa-mir-107,hsa-mir-10a,hsa-mir-10b,hsa-mir-1180,hsa-mir-1185-1,hsa-mir-1185-2,hsa-mir-1197,hsa-mir-122,hsa-mir-1226,hsa-mir-1249,hsa-mir-1255a,hsa-mir-125a,hsa-mir-125b-1,hsa-mir-125b-2,hsa-mir-126,hsa-mir-1260b,hsa-mir-1262,hsa-mir-1269b,hsa-mir-127,hsa-mir-1270,hsa-mir-1271,hsa-mir-1275,hsa-mir-1277,hsa-mir-128-1,hsa-mir-1291,hsa-mir-1292,hsa-mir-1296,hsa-mir-1298,hsa-mir-1301,hsa-mir-1303,hsa-mir-1304,hsa-mir-1305,hsa-mir-1306,hsa-mir-1307,hsa-mir-130a,hsa-mir-130b,hsa-mir-132,hsa-mir-1323,hsa-mir-134,hsa-mir-1343,hsa-mir-135b,hsa-mir-136,hsa-mir-140,hsa-mir-141,hsa-mir-142,hsa-mir-143,hsa-mir-144,hsa-mir-145,hsa-mir-1468,hsa-mir-146a,hsa-mir-146b,hsa-mir-148a,hsa-mir-148b,hsa-mir-149,hsa-mir-151a,hsa-mir-151b,hsa-mir-152,hsa-mir-154,hsa-mir-155,hsa-mir-15a,hsa-mir-15b,hsa-mir-16-2,hsa-mir-17,hsa-mir-181a-2,hsa-mir-181c,hsa-mir-181d,hsa-mir-182,hsa-mir-183,hsa-mir-184,hsa-mir-185,hsa-mir-186,hsa-mir-187,hsa-mir-188,hsa-mir-18a,hsa-mir-18b,hsa-mir-1908,hsa-mir-190a,hsa-mir-191,hsa-mir-1911,hsa-mir-1912,hsa-mir-192,hsa-mir-193a,hsa-mir-193b,hsa-mir-195,hsa-mir-196b,hsa-mir-197,hsa-mir-199b,hsa-mir-19a,hsa-mir-200a,hsa-mir-200b
brain_1,733.0,103.0,5.0,113.0,10938.0,3922.0,16507.0,33.0,7.0,628.0,228.4100000000001,165.0,115.0,940.0,78.5,51.5,9.0,248.0,13.0,0.0,1.0,312.0,458.0,882.0,32.0,1.0,10.0,1.0,5682.0,0.0,196.0,1.0,4.0,13.0,14.0,11.0,33.0,0.0,296.0,0.0,9.83,13.0,16.0,353.0,1877.5,1385.0,97.0,1.0,117.0,27.0,451.0,816.0,1035.0,52.0,7.0,59.0,16.0,8.0,26.0,488.0,24.0,6434.0,1754.0,57.98,1993.5,310.19999999999993,444.0,16.0,2808.0,419.0,62.0,126.0,256.0,997.0,188.0,16.0,20.0,14.0,5.0,23.0,9.0,20.0,91.0,7.0,52.5,146.0,133.0,45.0,0.0,0.0,401.0,343.0,56.0,25.0,78.0,13.0,567.4799999999999,36.0,9.0,105.0
brain_2,699.0,93.0,7.0,126.0,11295.0,4099.0,17116.0,33.0,6.5,665.0,217.9000000000001,158.0,112.0,991.0,80.0,52.0,7.0,264.0,17.0,2.0,0.0,311.0,465.0,965.0,30.0,1.0,9.0,1.0,5669.0,0.0,185.0,1.0,7.0,14.0,14.0,8.0,35.0,0.0,287.0,0.0,8.83,12.0,16.0,353.0,1933.5,1434.0,118.0,0.0,121.0,27.0,541.0,777.0,1113.0,52.0,9.0,57.0,15.0,9.0,25.0,571.0,26.0,6775.0,1764.0,53.81,1930.5,305.2899999999999,546.0,19.0,2875.0,436.0,62.0,132.0,244.0,946.0,194.0,14.0,18.0,14.0,3.0,25.0,9.0,22.0,99.0,8.0,43.5,145.0,139.0,41.0,0.0,0.0,413.0,332.0,53.0,26.0,84.0,12.0,769.1400000000001,40.0,11.0,111.0
brain_3,692.0,101.0,7.0,135.0,11566.5,4069.0,16959.0,34.0,6.5,656.0,213.2300000000002,162.0,121.0,1028.0,80.0,54.0,7.0,256.0,15.0,2.0,1.0,337.0,458.0,979.0,41.0,0.0,11.0,1.0,5869.0,0.0,193.0,2.0,5.0,13.0,15.0,10.0,34.0,0.0,280.0,0.0,9.83,14.0,17.0,349.0,1950.0,1403.0,114.0,1.0,124.0,28.0,504.0,839.0,1130.0,53.0,10.0,52.0,12.0,9.0,26.0,578.0,25.0,6953.0,1806.0,54.97999999999999,1958.5,322.53,497.0,17.0,2739.0,449.0,51.0,125.0,245.0,981.0,190.0,15.0,18.0,13.0,4.0,22.0,10.0,13.0,98.0,5.0,57.5,143.0,129.0,40.0,0.0,0.0,426.0,356.0,51.0,24.0,77.0,14.0,776.82,48.0,11.0,113.0
brain_4,715.0,100.0,7.0,137.0,11362.0,4237.0,17585.0,33.0,7.5,672.0,228.73000000000016,142.0,114.0,991.0,79.0,57.0,8.0,263.0,15.0,2.0,1.0,312.0,448.0,969.0,31.0,1.0,12.0,1.0,5782.0,0.0,222.0,2.0,8.0,11.0,15.0,12.0,39.0,0.0,299.0,0.0,9.83,14.0,17.0,371.0,1902.0,1417.0,117.0,1.0,112.0,28.0,516.0,814.0,1107.0,49.0,8.0,55.0,14.0,9.0,26.0,340.0,22.0,6601.0,1880.0,54.31,2045.5,317.69999999999993,506.0,18.0,2750.0,451.0,60.0,126.0,249.0,969.0,193.0,14.0,14.0,9.0,4.0,21.0,9.0,20.0,91.0,6.0,51.5,149.0,130.0,38.0,0.0,0.0,407.0,336.0,55.0,21.0,81.0,17.0,737.14,47.0,13.0,127.0
brain_5,716.0,107.0,8.0,129.0,11579.5,4051.0,16758.0,32.0,6.5,670.0,206.8900000000001,181.0,128.0,1049.0,82.5,54.5,7.0,260.0,14.0,2.0,2.0,324.0,466.0,950.0,40.0,1.0,14.0,0.0,5825.0,0.0,201.5,2.0,5.0,12.0,13.0,9.0,41.0,0.0,289.0,0.0,11.83,15.0,18.0,367.0,1967.5,1399.0,109.0,0.0,114.0,24.0,497.0,780.0,1146.0,54.0,9.0,64.0,11.0,9.0,26.0,534.0,24.0,6746.0,1856.0,45.47999999999999,2048.5,328.44000000000005,506.0,21.0,3068.0,436.0,65.0,132.0,256.0,1007.0,196.0,11.0,18.0,13.0,4.0,23.0,8.0,16.0,88.0,7.0,53.0,147.0,133.0,36.0,0.0,0.0,429.0,364.0,58.0,24.0,73.0,12.0,828.4799999999999,44.0,11.0,121.0
brain_6,683.0,97.0,6.0,128.0,11084.5,3961.0,16439.0,28.0,5.5,616.0,222.05000000000013,157.0,110.0,992.0,73.5,47.5,6.0,265.0,13.0,2.0,1.0,291.0,446.0,864.0,33.0,1.0,11.0,1.0,5247.0,0.0,199.0,2.0,5.0,13.0,12.0,11.0,39.0,0.0,265.0,0.0,10.33,15.0,15.0,360.0,1879.0,1377.0,112.0,1.0,100.0,24.0,468.0,715.0,1083.0,52.0,8.0,68.0,17.0,9.0,27.0,583.0,24.0,6553.0,1799.0,46.64999999999999,1966.5,324.86,500.0,14.0,3032.0,446.0,59.0,129.0,237.0,940.0,184.0,13.0,13.0,13.0,3.0,24.0,7.0,26.0,90.0,5.0,52.0,153.0,150.0,36.0,0.0,0.0,427.0,363.0,57.0,22.0,76.0,13.0,816.3200000000002,46.0,11.0,118.0
brain_7,672.0,100.0,9.0,116.0,11312.5,4033.0,16332.0,34.0,8.5,692.0,226.38000000000017,176.0,131.0,1035.0,83.0,51.0,8.0,270.0,14.0,2.0,2.0,325.0,473.0,939.0,35.0,1.0,15.0,1.0,5847.0,0.0,220.0,2.0,7.0,13.0,16.0,10.0,38.0,0.0,282.0,0.0,10.83,14.0,11.0,380.0,1963.0,1430.0,114.0,0.0,123.0,25.0,491.0,819.0,1149.0,55.0,11.0,53.0,14.0,9.0,27.0,305.0,24.0,6489.0,1830.0,48.81,1952.5,318.31,508.0,18.0,2941.0,439.0,60.0,141.0,255.0,1029.0,206.0,13.0,15.0,10.0,5.0,26.0,9.0,19.0,95.0,6.0,51.5,152.0,142.0,41.0,0.0,0.0,423.0,340.0,48.0,27.0,80.0,12.0,734.8000000000002,45.0,11.0,123.0
brain_8,684.0,103.0,8.0,122.0,10970.0,3873.0,16139.0,32.0,6.5,667.0,213.41000000000008,165.0,117.0,994.0,81.0,49.0,3.0,259.0,14.0,2.0,2.0,319.0,469.0,894.0,37.0,1.0,15.0,1.0,5335.0,0.0,197.0,1.0,7.0,10.0,12.0,10.0,38.0,0.0,272.0,0.0,8.33,12.0,13.0,355.0,1866.0,1409.0,111.0,1.0,105.0,26.0,477.0,735.0,1071.0,49.0,6.0,62.0,12.0,7.0,26.0,519.0,22.0,6466.0,1705.0,50.30999999999999,1991.0,318.4800000000002,499.0,14.0,3003.0,412.0,59.0,121.0,247.0,936.0,174.0,8.0,13.0,11.0,2.0,23.0,10.0,16.0,88.0,6.0,59.0,129.0,138.0,38.0,0.0,0.0,411.0,329.0,48.0,26.0,66.0,12.0,604.9600000000003,41.0,5.0,105.0
brain_9,728.0,90.0,7.0,129.0,10962.0,3827.0,16021.0,34.0,5.0,647.0,216.25000000000003,180.0,126.0,989.0,78.0,51.0,7.0,278.0,17.0,2.0,0.0,321.0,451.0,961.0,32.0,1.0,7.0,1.0,5846.0,0.0,190.0,1.0,6.0,11.0,15.0,10.0,36.0,0.0,276.0,0.0,8.5,13.0,14.0,357.0,1923.5,1365.0,108.0,0.0,131.0,19.0,467.0,828.0,1069.0,46.0,9.0,53.0,18.0,10.0,25.0,510.0,27.0,6140.0,1745.0,50.64999999999999,1922.5,301.2400000000001,472.0,16.0,3052.0,403.0,66.0,125.0,254.0,979.0,180.0,14.0,18.0,13.0,4.0,21.0,8.0,24.0,94.0,7.0,43.5,144.0,137.0,40.0,0.0,0.0,389.0,330.0,54.0,23.0,78.0,11.0,636.9600000000002,41.0,10.0,112.0
brain_10,709.0,100.0,6.0,128.0,11188.0,3976.0,17231.0,29.0,4.5,684.0,222.8900000000002,179.0,114.0,1056.0,74.0,49.0,9.0,262.0,17.0,1.0,1.0,320.0,467.0,902.0,37.0,1.0,12.0,1.0,5432.0,0.0,210.0,1.0,8.0,13.0,17.0,12.0,39.0,0.0,285.0,0.0,10.33,14.0,16.0,391.0,1933.5,1407.0,108.0,1.0,111.0,23.0,458.0,726.0,1120.0,55.0,8.0,66.0,18.0,9.0,25.0,512.0,23.0,6224.0,1865.0,49.15,2073.5,324.89999999999986,490.0,15.0,2763.0,421.0,64.0,118.0,249.0,1006.0,196.0,13.0,9.0,14.0,5.0,23.0,9.0,10.0,92.0,5.0,50.5,149.0,139.0,38.0,0.0,0.0,407.0,339.0,52.0,22.0,68.0,11.0,667.6400000000001,47.0,11.0,121.0
brain_11,691.0,89.0,9.0,121.0,10226.0,3903.0,16125.0,32.0,7.0,610.0,215.23000000000008,162.0,111.0,877.0,75.0,50.0,7.0,281.0,16.0,1.0,0.0,296.0,423.0,888.0,31.0,1.0,14.0,0.0,5086.0,0.0,188.0,2.0,8.0,7.0,11.0,10.0,33.0,0.0,263.0,0.0,7.33,14.0,13.0,334.0,1795.0,1380.0,102.0,1.0,103.0,27.0,425.0,701.0,1039.0,49.0,9.0,47.0,17.0,8.0,21.0,300.0,20.0,5660.0,1697.0,52.64999999999999,1885.0,285.8699999999999,442.0,10.0,2826.0,395.0,55.0,123.0,236.0,905.0,177.0,13.0,13.0,8.0,4.0,21.0,10.0,21.0,90.0,6.0,45.5,140.0,132.0,42.0,0.0,0.0,379.0,303.0,50.0,26.0,76.0,14.0,598.6300000000001,48.0,9.0,110.0
brain_12,707.0,112.0,7.0,132.0,11514.5,4183.0,17585.0,33.0,6.5,672.0,238.91000000000008,164.0,119.0,1016.0,83.0,53.0,8.0,272.0,16.0,0.0,1.0,326.0,475.0,969.0,36.0,1.0,9.0,1.0,5847.0,0.0,215.0,2.0,8.0,13.0,17.0,12.0,43.0,0.0,297.0,0.0,9.83,13.0,16.0,371.0,1969.0,1451.0,119.0,0.0,125.0,22.0,538.0,806.0,1151.0,54.0,8.0,55.0,13.0,10.0,25.0,543.0,26.0,6790.0,1920.0,53.47999999999999,2051.5,311.3999999999999,545.0,21.0,3087.0,473.0,63.0,134.0,251.0,983.0,206.0,16.0,18.0,12.0,4.0,22.0,11.0,27.0,99.0,7.0,53.0,147.0,149.0,41.0,0.0,0.0,436.0,349.0,58.0,25.0,85.0,11.0,765.64,42.0,12.0,127.0
brain_13,757.0,97.0,9.0,114.0,10873.0,4079.0,16481.0,37.0,5.0,679.0,221.42000000000004,165.0,105.0,937.0,79.0,51.0,8.0,275.0,18.0,2.0,0.0,315.0,464.0,900.0,31.0,1.0,11.0,1.0,5791.0,0.0,213.5,2.0,8.0,13.0,16.0,12.0,37.0,0.0,294.0,0.0,8.5,14.0,12.0,367.0,1936.0,1396.0,117.0,1.0,124.0,22.0,456.0,818.0,1119.0,50.0,9.0,47.0,18.0,8.0,28.0,339.0,24.0,6391.0,1768.0,51.31,1982.5,312.80999999999983,504.0,15.0,3060.0,438.0,59.0,135.0,244.0,1000.0,187.0,15.0,18.0,11.0,4.0,24.0,7.0,22.0,92.0,6.0,51.0,143.0,141.0,39.0,0.0,0.0,408.0,334.0,48.0,25.0,80.0,13.0,719.96,41.0,11.0,117.0
brain_14,659.0,94.0,7.0,120.0,10650.5,3916.0,15997.0,33.0,5.5,633.0,215.8900000000001,165.0,99.0,987.0,69.5,45.5,6.0,268.0,13.0,2.0,2.0,293.0,453.0,862.0,37.0,1.0,10.0,1.0,4839.0,0.0,203.0,2.0,7.0,10.0,17.0,11.0,42.0,0.0,274.0,0.0,9.33,13.0,14.0,358.0,1853.0,1379.0,118.0,1.0,101.0,19.0,444.0,691.0,1059.0,49.0,9.0,66.0,12.0,9.0,21.0,314.0,17.0,6093.0,1745.0,51.48,1936.5,289.2000000000001,510.0,12.0,2914.0,409.0,61.0,136.0,250.0,940.0,188.0,12.0,14.0,7.0,5.0,25.0,9.0,18.0,97.0,4.0,49.0,137.0,130.0,39.0,0.0,0.0,425.0,331.0,59.0,23.0,79.0,11.0,557.1400000000001,39.0,9.0,104.0
brain_15,725.0,106.0,9.0,118.0,11535.0,4125.0,16373.0,34.0,6.0,700.0,211.7500000000001,179.0,119.0,1068.0,76.0,50.0,7.0,275.0,15.0,2.0,1.0,325.0,470.0,1014.0,44.0,1.0,14.0,1.0,5947.0,0.0,207.0,2.0,8.0,13.0,15.0,10.0,39.0,0.0,303.0,0.0,11.5,14.0,19.0,383.0,2046.5,1436.0,118.0,1.0,125.0,25.0,507.0,816.0,1173.0,50.0,7.0,67.0,18.0,10.0,24.0,568.0,26.0,6854.0,1882.0,43.97999999999999,2115.5,350.07,539.0,16.0,2923.0,441.0,61.0,124.0,254.0,1000.0,206.0,10.0,16.0,12.0,4.0,22.0,10.0,15.0,87.0,8.0,59.5,144.0,137.0,38.0,0.0,0.0,448.0,347.0,50.0,24.0,67.0,12.0,727.4700000000003,50.0,9.0,117.0
brain_16,766.0,113.0,4.0,122.0,11111.5,4109.0,17023.0,32.0,7.0,689.0,230.9100000000002,176.0,120.0,1017.0,75.0,54.0,9.0,270.0,17.0,2.0,2.0,325.0,478.0,905.0,36.0,1.0,8.0,0.0,5637.0,0.0,200.0,2.0,5.0,14.0,16.0,10.0,34.0,0.0,275.0,0.0,10.83,14.0,15.0,384.0,1944.0,1429.0,118.0,1.0,119.0,19.0,440.0,770.0,1084.0,52.0,8.0,64.0,17.0,8.0,30.0,520.0,27.0,6349.0,1765.0,48.81999999999999,1985.5,326.0200000000002,468.0,16.0,2925.0,449.0,64.0,121.0,252.0,985.0,182.0,17.0,16.0,14.0,5.0,20.0,7.0,24.0,99.0,8.0,52.5,136.0,151.0,43.0,0.0,0.0,396.0,358.0,51.0,24.0,72.0,17.0,739.48,52.0,13.0,123.0
brain_17,691.0,88.0,9.0,122.0,11729.0,4156.0,16722.0,31.0,6.5,667.0,215.76000000000013,176.0,114.0,991.0,82.0,56.0,9.0,256.0,16.0,2.0,2.0,332.0,467.0,978.0,37.0,1.0,11.0,1.0,5980.0,0.0,211.5,2.0,8.0,12.0,14.0,10.0,33.0,0.0,294.0,0.0,9.5,12.0,17.0,347.0,1991.0,1374.0,104.0,1.0,123.0,27.0,488.0,819.0,1150.0,55.0,10.0,64.0,16.0,10.0,24.0,582.0,30.0,6744.0,1869.0,50.97999999999999,2061.0,330.99,470.0,16.0,2905.0,446.0,66.0,130.0,256.0,1056.0,192.0,14.0,20.0,11.0,5.0,25.0,8.0,17.0,93.0,8.0,60.5,146.0,128.0,37.0,0.0,0.0,417.0,367.0,57.0,25.0,75.0,12.0,874.47,48.0,12.0,122.0
brain_18,708.0,109.0,4.0,127.0,11260.5,4055.0,17865.0,34.0,6.5,677.0,226.91000000000008,167.0,120.0,1015.0,74.0,46.0,9.0,265.0,15.0,2.0,1.0,325.0,478.0,919.0,32.0,1.0,10.0,1.0,5360.0,0.0,204.5,0.0,5.0,13.0,14.0,10.0,38.0,0.0,294.0,0.0,7.83,12.0,20.0,383.0,1962.0,1409.0,110.0,0.0,111.0,23.0,479.0,744.0,1154.0,49.0,7.0,69.0,17.0,10.0,24.0,555.0,29.0,6675.0,1846.0,51.97999999999999,1999.0,327.41,490.0,18.0,2931.0,452.0,62.0,132.0,255.0,955.0,192.0,8.0,17.0,12.0,3.0,25.0,12.0,19.0,88.0,6.0,53.5,140.0,140.0,36.0,0.0,0.0,408.0,351.0,54.0,24.0,75.0,11.0,776.6500000000001,45.0,10.0,106.0
brain_19,697.0,106.0,7.0,131.0,11684.0,4103.0,17049.0,32.0,5.0,716.0,227.75000000000009,182.0,124.0,1087.0,82.0,50.0,8.0,262.0,16.0,0.0,1.0,329.0,481.0,1011.0,41.0,1.0,13.0,1.0,5999.0,0.0,222.5,1.0,7.0,11.0,15.0,12.0,40.0,0.0,309.0,0.0,10.83,13.0,17.0,380.0,2064.5,1450.0,126.0,1.0,123.0,28.0,500.0,826.0,1137.0,53.0,6.0,59.0,16.0,7.0,29.0,526.0,23.0,6903.0,1892.0,52.48,2082.5,347.0899999999998,563.0,17.0,2959.0,458.0,57.0,122.0,255.0,1031.0,201.0,13.0,15.0,13.0,4.0,24.0,5.0,24.0,95.0,7.0,51.5,157.0,156.0,36.0,0.0,0.0,432.0,354.0,54.0,25.0,74.0,13.0,716.1300000000003,49.0,11.0,126.0
brain_20,688.0,99.0,8.0,124.0,10784.0,3975.0,16586.0,35.0,6.5,655.0,225.9000000000001,172.0,102.0,966.0,74.0,51.0,8.0,253.0,13.0,2.0,2.0,307.0,464.0,889.0,35.0,1.0,12.0,1.0,5025.0,0.0,204.0,1.0,7.0,13.0,14.0,9.0,42.0,0.0,264.0,0.0,10.83,12.0,18.0,336.0,1870.5,1408.0,116.0,1.0,101.0,22.0,426.0,722.0,1039.0,51.0,10.0,60.0,15.0,9.0,24.0,508.0,23.0,6247.0,1765.0,52.31999999999999,1897.0,292.74999999999994,496.0,15.0,3012.0,411.0,60.0,121.0,249.0,954.0,176.0,12.0,15.0,12.0,4.0,24.0,7.0,20.0,94.0,6.0,60.5,133.0,127.0,33.0,0.0,0.0,404.0,319.0,58.0,25.0,70.0,14.0,569.6399999999999,45.0,11.0,116.0
brain_21,703.0,111.0,8.0,125.0,11493.0,4115.0,16904.0,36.0,6.0,634.0,229.58000000000013,175.0,126.0,1019.0,80.0,51.0,6.0,267.0,14.0,2.0,1.0,315.0,489.0,993.0,33.0,0.0,12.0,1.0,5923.0,0.0,206.0,2.0,8.0,13.0,14.0,10.0,38.0,0.0,272.0,0.0,7.83,12.0,15.0,368.0,1979.0,1400.0,112.0,0.0,129.0,26.0,522.0,832.0,1106.0,51.0,10.0,68.0,18.0,8.0,27.0,581.0,27.0,6840.0,1790.0,56.31,1970.0,297.77000000000004,500.0,17.0,3045.0,437.0,64.0,126.0,251.0,1045.0,195.0,13.0,18.0,12.0,5.0,21.0,9.0,26.0,92.0,6.0,44.5,155.0,141.0,41.0,0.0,0.0,431.0,338.0,52.0,25.0,82.0,11.0,814.4600000000003,42.0,9.0,117.0
brain_22,740.0,95.0,9.0,132.0,10971.0,4034.0,17127.0,28.0,6.5,678.0,228.74000000000007,160.0,109.0,979.0,80.5,52.5,9.0,242.0,16.0,2.0,1.0,304.0,439.0,847.0,37.0,1.0,12.0,1.0,5530.0,0.0,226.0,2.0,6.0,12.0,17.0,12.0,41.0,0.0,297.0,0.0,9.33,17.0,13.0,363.0,1905.0,1391.0,117.0,1.0,114.0,28.0,460.0,786.0,1087.0,54.0,10.0,41.0,13.0,5.0,26.0,241.0,24.0,6334.0,1858.0,49.97999999999999,2096.5,319.85000000000014,511.0,18.0,2985.0,448.0,65.0,134.0,264.0,993.0,188.0,13.0,15.0,11.0,4.0,22.0,7.0,19.0,97.0,7.0,47.0,144.0,137.0,40.0,0.0,0.0,406.0,339.0,60.0,26.0,81.0,15.0,595.1499999999999,40.0,11.0,120.0
brain_23,759.0,102.0,9.0,132.0,11402.5,4131.0,17288.0,38.0,7.5,686.0,241.7200000000002,191.0,125.0,1046.0,85.0,54.0,6.0,271.0,18.0,2.0,1.0,323.0,469.0,972.0,40.0,1.0,15.0,1.0,5791.0,0.0,203.5,2.0,8.0,13.0,14.0,10.0,43.0,0.0,305.0,0.0,11.83,15.0,17.0,393.0,2004.0,1426.0,119.0,1.0,125.0,28.0,515.0,825.0,1159.0,53.0,9.0,39.0,16.0,7.0,31.0,318.0,25.0,6414.0,1856.0,52.14999999999999,2109.5,313.74,499.0,19.0,3092.0,454.0,66.0,125.0,260.0,1007.0,202.0,14.0,19.0,11.0,4.0,23.0,11.0,18.0,98.0,6.0,55.0,156.0,151.0,40.0,0.0,0.0,429.0,347.0,53.0,23.0,83.0,14.0,676.64,47.0,10.0,121.0
brain_24,702.0,103.0,7.0,134.0,11076.5,3931.0,16537.0,32.0,4.0,646.0,217.5700000000002,184.0,123.0,1023.0,84.0,55.0,9.0,269.0,13.0,0.0,2.0,334.0,460.0,911.0,33.0,1.0,14.0,1.0,5875.0,0.0,198.0,2.0,3.0,12.0,15.0,10.0,40.0,0.0,300.0,0.0,9.83,16.0,15.0,370.0,1985.0,1372.0,122.0,1.0,117.0,27.0,467.0,834.0,1086.0,52.0,10.0,59.0,17.0,8.0,30.0,280.0,20.0,6494.0,1772.0,50.97999999999999,2065.0,318.8099999999998,511.0,20.0,2913.0,439.0,62.0,130.0,254.0,1035.0,180.0,16.0,19.0,7.0,5.0,21.0,7.0,25.0,98.0,8.0,52.0,137.0,136.0,37.0,0.0,0.0,421.0,351.0,53.0,22.0,81.0,13.0,607.4800000000002,47.0,11.0,129.0
brain_25,717.0,105.0,6.0,130.0,11179.0,4098.0,17191.0,30.0,6.0,659.0,221.0900000000001,171.0,111.0,1018.0,76.0,51.0,6.0,263.0,18.0,2.0,2.0,304.0,464.0,889.0,36.0,1.0,6.0,1.0,5427.0,0.0,203.5,1.0,6.0,11.0,16.0,11.0,40.0,0.0,291.0,0.0,10.33,12.0,19.0,369.0,1916.5,1409.0,106.0,1.0,119.0,22.0,488.0,751.0,1102.0,49.0,8.0,68.0,19.0,9.0,24.0,518.0,26.0,6392.0,1834.0,53.64999999999999,2031.0,319.09000000000003,480.0,13.0,3002.0,434.0,72.0,122.0,262.0,976.0,194.0,13.0,15.0,15.0,3.0,24.0,8.0,17.0,89.0,8.0,52.5,143.0,141.0,41.0,0.0,0.0,417.0,332.0,53.0,25.0,64.0,13.0,738.3000000000002,42.0,7.0,113.0
brain_26,652.0,95.0,8.0,130.0,11846.0,4240.0,17541.0,35.0,6.5,668.0,233.57000000000025,175.0,118.0,1047.0,73.5,51.5,6.0,268.0,16.0,2.0,1.0,312.0,458.0,975.0,33.0,1.0,12.0,1.0,5887.0,0.0,217.0,2.0,7.0,12.0,12.0,10.0,41.0,0.0,288.0,0.0,9.83,12.0,17.0,375.0,1971.5,1431.0,113.0,1.0,118.0,26.0,535.0,839.0,1132.0,48.0,10.0,52.0,16.0,6.0,24.0,579.0,29.0,6993.0,1857.0,53.64999999999999,2072.5,322.33000000000004,493.0,18.0,3033.0,448.0,68.0,130.0,260.0,1001.0,201.0,13.0,17.0,14.0,4.0,24.0,8.0,17.0,81.0,7.0,56.5,158.0,141.0,43.0,0.0,0.0,433.0,351.0,54.0,26.0,77.0,14.0,832.98,52.0,10.0,118.0
brain_27,682.0,98.0,9.0,132.0,11717.5,3978.0,16585.0,32.0,6.5,641.0,223.9200000000001,157.0,123.0,1037.0,72.0,48.0,6.0,266.0,14.0,1.0,2.0,314.0,466.0,994.0,30.0,1.0,8.0,1.0,5787.0,0.0,194.5,1.0,5.0,12.0,15.0,11.0,35.0,0.0,279.0,0.0,11.83,15.0,17.0,343.0,1915.0,1388.0,110.0,1.0,125.0,27.0,502.0,819.0,1069.0,47.0,9.0,62.0,17.0,10.0,28.0,566.0,29.0,6744.0,1714.0,51.31999999999999,1971.5,333.24,479.0,17.0,2947.0,423.0,65.0,124.0,252.0,947.0,177.0,14.0,19.0,13.0,2.0,18.0,10.0,18.0,86.0,5.0,52.5,146.0,141.0,40.0,0.0,0.0,418.0,347.0,51.0,23.0,80.0,14.0,774.48,48.0,9.0,106.0
brain_28,771.0,99.0,9.0,120.0,11387.0,4100.0,16456.0,27.0,6.5,695.0,222.4100000000001,187.0,127.0,993.0,75.0,48.0,7.0,264.0,15.0,1.0,2.0,321.0,475.0,938.0,35.0,1.0,13.0,1.0,5694.0,0.0,206.5,1.0,7.0,12.0,15.0,11.0,39.0,0.0,276.0,0.0,11.0,14.0,15.0,379.0,2056.0,1403.0,121.0,1.0,117.0,28.0,512.0,807.0,1158.0,53.0,9.0,64.0,18.0,9.0,22.0,524.0,25.0,6756.0,1877.0,53.48,2077.0,348.2700000000001,520.0,16.0,3105.0,456.0,69.0,121.0,255.0,1047.0,188.0,11.0,17.0,14.0,5.0,22.0,7.0,27.0,91.0,7.0,57.5,146.0,155.0,39.0,0.0,0.0,421.0,370.0,58.0,25.0,72.0,11.0,820.8000000000001,55.0,12.0,124.0
brain_29,684.0,96.0,7.0,138.0,11283.5,4077.0,16837.0,31.0,7.0,649.0,231.23000000000013,188.0,118.0,1027.0,81.0,53.0,7.0,278.0,17.0,2.0,1.0,319.0,446.0,948.0,38.0,0.0,13.0,1.0,5631.0,0.0,201.5,1.0,8.0,11.0,11.0,10.0,37.0,0.0,297.0,0.0,10.33,14.0,15.0,362.0,1965.0,1411.0,126.0,1.0,111.0,23.0,509.0,762.0,1122.0,55.0,6.0,57.0,14.0,8.0,25.0,544.0,24.0,6688.0,1848.0,53.97999999999999,2054.5,317.9899999999999,527.0,18.0,3017.0,440.0,66.0,122.0,250.0,981.0,184.0,16.0,18.0,13.0,5.0,22.0,10.0,22.0,92.0,5.0,58.0,147.0,154.0,37.0,0.0,0.0,418.0,346.0,57.0,26.0,81.0,12.0,797.1300000000001,47.0,11.0,120.0
brain_30,672.0,110.0,7.0,124.0,11369.5,4118.0,17322.0,29.0,6.5,654.0,228.23000000000025,170.0,116.0,1051.0,78.0,52.0,7.0,263.0,16.0,2.0,1.0,313.0,452.0,965.0,33.0,1.0,9.0,1.0,5671.0,0.0,194.0,2.0,7.0,13.0,14.0,11.0,40.0,0.0,293.0,0.0,10.83,14.0,19.0,369.0,1971.0,1417.0,127.0,1.0,126.0,25.0,532.0,807.0,1118.0,46.0,7.0,63.0,13.0,8.0,28.0,572.0,23.0,6630.0,1830.0,54.64999999999999,2032.5,320.5200000000001,546.0,16.0,3011.0,434.0,63.0,135.0,254.0,898.0,193.0,14.0,16.0,12.0,3.0,22.0,11.0,23.0,94.0,7.0,51.5,149.0,149.0,39.0,0.0,0.0,436.0,344.0,54.0,26.0,72.0,13.0,683.82,47.0,11.0,111.0
brain_31,698.0,94.0,5.0,120.0,10038.5,3940.0,16749.0,33.0,4.5,584.0,210.08000000000013,139.0,90.0,856.0,71.0,54.0,7.0,279.0,14.0,1.0,2.0,269.0,397.0,814.0,23.0,1.0,11.0,1.0,4505.0,0.0,181.0,1.0,6.0,12.0,13.0,9.0,34.0,0.0,247.0,0.0,6.83,12.0,14.0,307.0,1687.0,1357.0,106.0,1.0,101.0,24.0,423.0,630.0,988.0,53.0,9.0,63.0,17.0,10.0,23.0,537.0,22.0,6146.0,1597.0,52.65,1772.0,275.2199999999999,452.0,15.0,2761.0,386.0,57.0,123.0,225.0,849.0,168.0,13.0,13.0,11.0,3.0,22.0,8.0,24.0,87.0,6.0,41.0,131.0,135.0,36.0,0.0,0.0,350.0,300.0,50.0,25.0,63.0,13.0,647.47,40.0,9.0,106.0
brain_32,635.0,91.0,7.0,127.0,11608.5,4039.0,16047.0,36.0,5.5,659.0,220.06000000000003,180.0,115.0,1006.0,73.0,51.0,6.0,277.0,16.0,2.0,1.0,309.0,486.0,930.0,30.0,1.0,11.0,1.0,5690.0,0.0,203.0,1.0,5.0,14.0,13.0,8.0,40.0,0.0,276.0,0.0,9.83,15.0,12.0,363.0,1965.0,1393.0,121.0,1.0,118.0,24.0,527.0,789.0,1119.0,51.0,10.0,53.0,17.0,9.0,27.0,568.0,28.0,6824.0,1775.0,53.47999999999999,2026.0,337.42999999999995,540.0,17.0,3067.0,446.0,60.0,129.0,242.0,961.0,188.0,13.0,19.0,14.0,4.0,24.0,10.0,26.0,85.0,7.0,48.0,143.0,141.0,38.0,0.0,0.0,422.0,362.0,58.0,27.0,84.0,10.0,821.3199999999999,49.0,11.0,115.0
brain_33,684.0,108.0,8.0,125.0,12136.0,4051.0,16621.0,34.0,5.0,697.0,215.0600000000001,188.0,132.0,1084.0,83.5,56.5,8.0,267.0,17.0,1.0,2.0,351.0,468.0,1016.0,40.0,1.0,12.0,0.0,6153.0,0.0,216.0,1.0,7.0,10.0,15.0,9.0,40.0,0.0,300.0,0.0,9.83,13.0,15.0,369.0,2093.0,1404.0,122.0,1.0,127.0,27.0,575.0,866.0,1149.0,57.0,10.0,62.0,16.0,9.0,25.0,547.0,28.0,7303.0,1869.0,45.31999999999999,2159.5,348.42,542.0,21.0,2937.0,449.0,64.0,132.0,263.0,1046.0,194.0,12.0,19.0,12.0,5.0,18.0,9.0,16.0,96.0,8.0,61.5,135.0,130.0,36.0,0.0,0.0,428.0,391.0,53.0,22.0,82.0,14.0,904.3100000000004,50.0,11.0,119.0
brain_34,772.0,104.0,4.0,119.0,10389.0,4050.0,17292.0,29.0,6.5,628.0,218.57000000000005,146.0,106.0,953.0,70.0,48.0,5.0,265.0,16.0,2.0,2.0,301.0,443.0,836.0,34.0,1.0,11.0,1.0,4912.0,0.0,194.0,1.0,4.0,9.0,16.0,12.0,38.0,0.0,289.0,0.0,9.33,14.0,13.0,367.0,1852.0,1418.0,109.0,1.0,104.0,27.0,447.0,705.0,1098.0,54.0,9.0,59.0,14.0,10.0,24.0,280.0,21.0,6216.0,1800.0,48.31,1987.0,319.60999999999984,485.0,10.0,2771.0,435.0,61.0,122.0,242.0,917.0,178.0,13.0,14.0,9.0,4.0,25.0,9.0,22.0,87.0,5.0,50.0,139.0,135.0,42.0,0.0,0.0,379.0,324.0,53.0,24.0,78.0,13.0,652.8100000000002,44.0,11.0,115.0
brain_35,698.0,93.0,9.0,123.0,11273.5,4025.0,17217.0,36.0,7.0,674.0,222.92,172.0,120.0,998.0,76.5,52.5,7.0,268.0,14.0,2.0,2.0,305.0,473.0,901.0,39.0,1.0,9.0,1.0,5484.0,0.0,197.0,2.0,4.0,13.0,14.0,11.0,41.0,0.0,266.0,0.0,10.33,15.0,16.0,376.0,1963.0,1415.0,111.0,1.0,113.0,25.0,480.0,788.0,1111.0,55.0,8.0,69.0,16.0,7.0,26.0,540.0,27.0,6733.0,1817.0,54.47999999999999,1970.5,322.30000000000007,487.0,16.0,3105.0,459.0,68.0,125.0,262.0,1004.0,199.0,15.0,15.0,14.0,4.0,20.0,7.0,20.0,88.0,7.0,55.5,153.0,145.0,40.0,0.0,0.0,432.0,369.0,57.0,23.0,79.0,15.0,799.8100000000002,49.0,11.0,117.0
brain_36,709.0,97.0,9.0,128.0,12652.5,4266.0,16279.0,35.0,5.5,719.0,223.07000000000008,188.0,140.0,1112.0,92.5,59.5,7.0,271.0,17.0,2.0,2.0,344.0,503.0,1067.0,43.0,1.0,13.0,1.0,6811.0,0.0,216.0,2.0,6.0,10.0,13.0,10.0,39.0,0.0,305.0,0.0,10.5,16.0,19.0,381.0,2158.0,1410.0,126.0,1.0,149.0,24.0,556.0,961.0,1227.0,52.0,10.0,53.0,17.0,9.0,27.0,582.0,28.0,7467.0,1947.0,53.47999999999999,2214.5,371.7199999999996,550.0,22.0,3141.0,464.0,68.0,143.0,265.0,1116.0,209.0,13.0,22.0,11.0,2.0,22.0,10.0,22.0,106.0,8.0,63.5,148.0,127.0,36.0,0.0,0.0,459.0,396.0,49.0,20.0,78.0,13.0,898.6300000000001,52.0,10.0,120.0
brain_37,620.0,101.0,4.0,130.0,12003.5,4104.0,17015.0,29.0,7.5,650.0,214.5600000000002,172.0,128.0,1078.0,83.0,54.0,7.0,259.0,14.0,1.0,1.0,330.0,483.0,1009.0,38.0,1.0,10.0,0.0,6226.0,0.0,196.5,2.0,1.0,11.0,14.0,9.0,36.0,0.0,298.0,0.0,11.83,14.0,18.0,361.0,1954.0,1358.0,107.0,0.0,133.0,23.0,532.0,880.0,1129.0,56.0,10.0,59.0,16.0,10.0,26.0,573.0,25.0,7044.0,1831.0,48.64999999999999,2016.0,322.74999999999966,495.0,20.0,2807.0,447.0,61.0,137.0,258.0,987.0,196.0,16.0,22.0,14.0,4.0,25.0,10.0,13.0,91.0,8.0,55.5,144.0,134.0,47.0,0.0,0.0,433.0,370.0,58.0,27.0,73.0,14.0,873.9900000000002,45.0,12.0,121.0
brain_38,699.0,106.0,8.0,117.0,10891.5,4014.0,16833.0,35.0,7.0,639.0,223.23000000000013,156.0,105.0,923.0,74.5,54.5,9.0,278.0,11.0,2.0,2.0,311.0,448.0,942.0,37.0,1.0,12.0,1.0,5200.0,0.0,195.5,2.0,5.0,12.0,16.0,10.0,37.0,0.0,260.0,0.0,9.83,11.0,15.0,348.0,1865.5,1376.0,97.0,1.0,113.0,24.0,452.0,741.0,1071.0,56.0,8.0,69.0,17.0,7.0,19.0,564.0,26.0,6432.0,1734.0,52.64999999999999,1902.0,299.89,432.0,17.0,2947.0,424.0,66.0,125.0,250.0,948.0,187.0,12.0,18.0,13.0,4.0,19.0,10.0,24.0,90.0,5.0,52.5,139.0,134.0,39.0,0.0,0.0,396.0,339.0,56.0,23.0,76.0,13.0,742.6400000000001,47.0,11.0,111.0
brain_39,713.0,110.0,7.0,132.0,10558.0,4056.0,17524.0,34.0,8.0,644.0,224.2300000000001,159.0,108.0,986.0,77.5,48.5,5.0,265.0,13.0,2.0,1.0,298.0,429.0,894.0,34.0,0.0,11.0,1.0,4880.0,0.0,205.5,2.0,8.0,13.0,14.0,8.0,40.0,0.0,276.0,0.0,9.83,10.0,17.0,346.0,1824.5,1417.0,120.0,0.0,107.0,22.0,448.0,689.0,1031.0,53.0,9.0,54.0,17.0,8.0,25.0,485.0,22.0,6333.0,1747.0,53.64999999999999,1808.0,258.9000000000002,502.0,17.0,2712.0,427.0,68.0,116.0,247.0,960.0,185.0,11.0,15.0,11.0,4.0,25.0,9.0,23.0,87.0,6.0,50.5,138.0,137.0,35.0,0.0,0.0,384.0,269.0,51.0,25.0,72.0,16.0,483.7999999999999,37.0,7.0,114.0
brain_40,719.0,101.0,7.0,122.0,10515.0,3962.0,16185.0,39.0,7.0,639.0,223.74000000000007,177.0,120.0,945.0,64.5,43.5,5.0,278.0,15.0,1.0,2.0,302.0,464.0,937.0,32.0,0.0,15.0,1.0,4935.0,0.0,190.0,1.0,5.0,9.0,13.0,10.0,42.0,0.0,267.0,0.0,10.83,14.0,15.0,353.0,1897.0,1417.0,121.0,1.0,102.0,27.0,469.0,729.0,1060.0,50.0,11.0,58.0,16.0,9.0,25.0,325.0,24.0,6050.0,1728.0,55.64999999999999,1848.5,281.93000000000006,476.0,16.0,2970.0,418.0,60.0,114.0,249.0,972.0,174.0,12.0,14.0,10.0,5.0,21.0,11.0,20.0,88.0,7.0,49.5,136.0,133.0,39.0,0.0,0.0,411.0,288.0,50.0,22.0,77.0,15.0,604.47,46.0,12.0,119.0
brain_41,696.0,103.0,7.0,130.0,11196.0,4106.0,16669.0,29.0,6.0,639.0,218.2400000000002,166.0,129.0,1017.0,82.0,56.0,8.0,267.0,14.0,2.0,2.0,315.0,459.0,930.0,37.0,1.0,14.0,1.0,5677.0,0.0,204.0,2.0,5.0,8.0,14.0,12.0,38.0,0.0,283.0,0.0,11.33,13.0,18.0,386.0,1996.0,1378.0,108.0,1.0,111.0,27.0,480.0,795.0,1139.0,44.0,9.0,65.0,18.0,9.0,22.0,330.0,22.0,6560.0,1846.0,54.97999999999999,2031.0,323.03000000000003,463.0,16.0,2719.0,422.0,60.0,138.0,256.0,1006.0,176.0,13.0,17.0,8.0,5.0,21.0,9.0,21.0,92.0,7.0,53.5,144.0,128.0,38.0,0.0,0.0,420.0,347.0,55.0,19.0,81.0,14.0,788.3100000000002,50.0,11.0,121.0
brain_42,751.0,98.0,9.0,140.0,10764.0,4057.0,17561.0,37.0,8.0,622.0,224.91000000000005,155.0,114.0,992.0,77.0,54.0,8.0,270.0,14.0,2.0,2.0,309.0,442.0,909.0,36.0,0.0,12.0,1.0,4929.0,0.0,189.5,2.0,7.0,10.0,14.0,9.0,38.0,0.0,270.0,0.0,8.33,12.0,17.0,348.0,1897.0,1389.0,110.0,1.0,109.0,24.0,474.0,707.0,1089.0,53.0,7.0,63.0,14.0,9.0,21.0,529.0,22.0,6589.0,1767.0,53.31,1871.0,286.61,489.0,18.0,2741.0,453.0,67.0,122.0,242.0,977.0,184.0,11.0,14.0,10.0,4.0,22.0,10.0,25.0,89.0,5.0,58.5,139.0,131.0,35.0,0.0,0.0,396.0,307.0,49.0,22.0,81.0,13.0,654.8100000000003,47.0,13.0,123.0
brain_43,644.0,105.0,5.0,139.0,10831.0,4064.0,16913.0,34.0,7.5,651.0,210.39000000000016,167.0,101.0,928.0,79.0,53.0,8.0,274.0,15.0,1.0,2.0,303.0,430.0,913.0,34.0,1.0,12.0,1.0,5409.0,0.0,206.0,2.0,5.0,11.0,15.0,11.0,35.0,0.0,300.0,0.0,6.83,14.0,14.0,362.0,1833.5,1396.0,107.0,1.0,115.0,25.0,441.0,753.0,1077.0,52.0,9.0,50.0,18.0,8.0,28.0,276.0,21.0,6099.0,1735.0,51.48,1958.5,277.49999999999994,435.0,17.0,2807.0,414.0,63.0,124.0,246.0,998.0,175.0,15.0,17.0,8.0,4.0,23.0,11.0,17.0,94.0,7.0,50.5,128.0,123.0,40.0,0.0,0.0,383.0,298.0,52.0,27.0,78.0,13.0,551.47,41.0,8.0,119.0
brain_44,727.0,103.0,8.0,121.0,11417.0,4075.0,16955.0,37.0,3.0,635.0,227.76000000000016,148.0,116.0,973.0,72.0,51.0,9.0,264.0,13.0,2.0,2.0,307.0,457.0,931.0,30.0,1.0,7.0,1.0,5835.0,0.0,206.0,1.0,6.0,13.0,15.0,12.0,35.0,0.0,290.0,0.0,9.83,12.0,16.0,349.0,1877.0,1371.0,97.0,1.0,117.0,23.0,498.0,839.0,1076.0,51.0,9.0,53.0,18.0,8.0,26.0,546.0,27.0,6835.0,1761.0,46.97999999999999,1968.5,316.7699999999998,450.0,18.0,2645.0,451.0,69.0,129.0,246.0,945.0,181.0,16.0,18.0,12.0,4.0,22.0,9.0,25.0,84.0,8.0,42.5,134.0,135.0,40.0,0.0,0.0,390.0,331.0,53.0,27.0,85.0,15.0,762.4900000000002,46.0,11.0,111.0
brain_45,621.0,102.0,5.0,134.0,10722.5,4020.0,17229.0,31.0,6.5,621.0,213.40000000000003,159.0,117.0,961.0,68.5,45.5,6.0,246.0,15.0,2.0,2.0,308.0,436.0,915.0,31.0,1.0,13.0,0.0,4928.0,0.0,202.5,1.0,3.0,7.0,16.0,10.0,36.0,0.0,290.0,0.0,11.33,13.0,16.0,358.0,1843.0,1414.0,106.0,1.0,100.0,28.0,408.0,694.0,1116.0,48.0,8.0,56.0,15.0,8.0,20.0,306.0,24.0,6218.0,1789.0,54.48,2049.5,304.63,432.0,7.0,2794.0,428.0,61.0,132.0,237.0,914.0,174.0,12.0,12.0,9.0,5.0,23.0,11.0,21.0,94.0,6.0,50.5,135.0,133.0,41.0,0.0,0.0,381.0,326.0,55.0,24.0,68.0,15.0,635.1400000000001,47.0,11.0,113.0
brain_46,697.0,102.0,7.0,114.0,11762.5,4133.0,16473.0,38.0,8.5,683.0,229.2100000000001,175.0,133.0,1051.0,79.0,49.0,7.0,269.0,17.0,2.0,2.0,315.0,486.0,980.0,33.0,1.0,11.0,1.0,5886.0,0.0,200.0,1.0,8.0,12.0,12.0,8.0,41.0,0.0,284.0,0.0,11.83,12.0,15.0,377.0,2014.5,1452.0,126.0,0.0,118.0,26.0,575.0,812.0,1137.0,51.0,9.0,67.0,12.0,8.0,25.0,571.0,26.0,6896.0,1802.0,52.65,2003.5,321.6700000000001,555.0,17.0,2925.0,444.0,66.0,133.0,260.0,973.0,195.0,14.0,20.0,14.0,4.0,24.0,11.0,21.0,95.0,6.0,52.5,140.0,142.0,39.0,0.0,0.0,422.0,352.0,46.0,24.0,81.0,14.0,883.4800000000001,48.0,10.0,106.0
brain_47,695.0,106.0,7.0,127.0,11025.5,4106.0,16761.0,35.0,6.5,651.0,225.41000000000017,172.0,122.0,1031.0,78.5,51.5,7.0,264.0,15.0,2.0,1.0,317.0,458.0,917.0,38.0,1.0,10.0,1.0,5396.0,0.0,199.5,1.0,7.0,13.0,15.0,11.0,38.0,0.0,279.0,0.0,10.83,15.0,14.0,367.0,1930.5,1428.0,115.0,1.0,122.0,26.0,462.0,753.0,1084.0,52.0,9.0,68.0,18.0,10.0,26.0,486.0,28.0,6538.0,1783.0,48.31,2020.5,319.08,536.0,19.0,2783.0,422.0,61.0,129.0,237.0,982.0,185.0,11.0,13.0,13.0,4.0,24.0,8.0,16.0,87.0,6.0,57.5,142.0,150.0,38.0,0.0,0.0,421.0,345.0,49.0,26.0,71.0,10.0,686.4700000000001,49.0,8.0,116.0
brain_48,651.0,94.0,7.0,129.0,11749.0,4108.0,16839.0,35.0,6.5,679.0,229.4100000000001,166.0,118.0,1068.0,90.0,59.0,7.0,261.0,17.0,2.0,1.0,326.0,466.0,965.0,34.0,1.0,11.0,1.0,6306.0,0.0,218.0,1.0,5.0,13.0,16.0,12.0,37.0,0.0,289.0,0.0,10.5,15.0,12.0,370.0,1978.0,1417.0,110.0,1.0,132.0,25.0,527.0,879.0,1143.0,57.0,10.0,45.0,18.0,8.0,28.0,574.0,27.0,7011.0,1849.0,54.14999999999999,2086.5,346.59000000000003,520.0,16.0,2901.0,441.0,65.0,139.0,263.0,1016.0,193.0,16.0,18.0,14.0,5.0,21.0,11.0,25.0,98.0,5.0,57.0,158.0,134.0,44.0,0.0,0.0,441.0,353.0,56.0,23.0,79.0,14.0,788.47,38.0,8.0,116.0
brain_49,705.0,102.0,6.0,129.0,11781.0,4078.0,16534.0,36.0,5.5,675.0,215.4100000000001,177.0,131.0,1066.0,77.5,52.5,5.0,272.0,15.0,1.0,2.0,334.0,472.0,973.0,37.0,1.0,11.0,0.0,5936.0,0.0,207.0,1.0,8.0,7.0,12.0,9.0,37.0,0.0,290.0,0.0,11.0,15.0,18.0,381.0,2038.0,1398.0,114.0,1.0,120.0,25.0,512.0,824.0,1162.0,52.0,9.0,70.0,17.0,10.0,24.0,580.0,25.0,6954.0,1857.0,51.99,2091.0,348.82999999999976,517.0,15.0,2857.0,446.0,67.0,121.0,262.0,1041.0,196.0,14.0,15.0,10.0,4.0,21.0,5.0,19.0,92.0,8.0,57.5,152.0,144.0,42.0,0.0,0.0,443.0,389.0,53.0,16.0,70.0,14.0,828.2999999999998,50.0,11.0,119.0
brain_50,717.0,95.0,8.0,120.0,10901.5,4018.0,16671.0,32.0,5.5,665.0,225.89000000000016,168.0,120.0,965.0,73.0,46.0,5.0,266.0,16.0,2.0,2.0,324.0,454.0,953.0,37.0,1.0,11.0,1.0,5558.0,0.0,209.0,2.0,7.0,8.0,15.0,10.0,36.0,0.0,299.0,0.0,9.83,16.0,16.0,377.0,1936.5,1392.0,114.0,1.0,116.0,24.0,456.0,781.0,1103.0,51.0,10.0,58.0,12.0,7.0,27.0,286.0,25.0,6079.0,1786.0,53.47999999999999,2016.5,312.2499999999999,477.0,14.0,2885.0,413.0,62.0,122.0,253.0,998.0,180.0,14.0,14.0,9.0,4.0,21.0,9.0,19.0,91.0,8.0,51.5,149.0,138.0,41.0,0.0,0.0,405.0,323.0,53.0,23.0,73.0,14.0,682.4799999999998,41.0,10.0,113.0
