,hsa-let-7a-2,hsa-let-7b,hsa-let-7c,hsa-let-7d,hsa-let-7e,hsa-let-7g,hsa-let-7i,hsa-mir-100,hsa-mir-106a,hsa-mir-106b,hsa-mir-107,hsa-mir-10a,hsa-mir-10b,hsa-mir-1180,hsa-mir-1185-1,hsa-mir-1185-2,hsa-mir-1197,hsa-mir-122,hsa-mir-1226,hsa-mir-1249,hsa-mir-1255a,hsa-mir-125a,hsa-mir-125b-1,hsa-mir-125b-2,hsa-mir-126,hsa-mir-1260b,hsa-mir-1262,hsa-mir-1269b,hsa-mir-127,hsa-mir-1270,hsa-mir-1271,hsa-mir-1275,hsa-mir-1277,hsa-mir-128-1,hsa-mir-1291,hsa-mir-1292,hsa-mir-1296,hsa-mir-1298,hsa-mir-1301,hsa-mir-1303,hsa-mir-1304,hsa-mir-1305,hsa-mir-1306,hsa-mir-1307,hsa-mir-130a,hsa-mir-130b,hsa-mir-132,hsa-mir-1323,hsa-mir-134,hsa-mir-1343
TCGA-HT-7691,11582.066487,23956.084312,12939.619342,208.875288,1411.478175,374.200762,325.736234,12387.806325,15.290217,364.780896,90.239585,248.32951,820.210937,48.874087,0.13652,0.13652,0.0,0.13652,2.047797,0.819119,0.0,360.412262,1169.428576,1276.733136,900.757617,0.0,1.638238,0.0,1475.505959,0.955639,6.006871,0.0,1.365198,381.436311,0.409559,0.27304,21.160568,1.774757,9.692906,0.0,0.0,0.0,6.82599,682.598982,72.628532,17.474534,45.870652,0.0,404.235117,0.409559
TCGA-S9-A7J0,7517.649974,6175.446164,2867.011315,408.707543,1766.299985,349.091737,421.915109,5362.272041,25.566941,723.750416,32.837161,15.873314,58703.150247,29.929073,0.12117,0.12117,0.12117,0.0,1.090533,2.544577,0.727022,372.477612,845.526603,873.27461,584.283359,0.0,1.332874,0.12117,246.339293,4.967984,8.845435,0.363511,0.363511,110.143835,0.242341,0.605852,93.66467,0.363511,19.387254,0.0,0.605852,0.0,10.178308,723.265734,102.510104,88.817856,110.143835,0.0,87.848493,2.302236
TCGA-HT-7605,17226.932097,21925.549985,12683.467962,423.942765,2410.451416,674.567435,465.35314,19665.494995,22.489185,279.168635,100.012001,28.760208,3702.282112,66.170103,0.540605,1.405574,0.864969,0.108121,2.811148,35.247473,0.432484,834.262274,3129.672858,3264.607969,1118.5126,0.216242,0.432484,0.108121,2235.727747,2.594906,8.97405,0.432484,0.540605,2409.045842,0.540605,0.432484,34.490625,8.325323,19.569916,0.0,0.216242,0.216242,20.97549,818.476596,45.95146,20.0024,583.961967,0.0,360.583811,2.811148
TCGA-HT-A4DS,5785.40383,13444.330877,4415.693869,508.296194,847.27527,333.461614,270.0108,13093.282352,30.346041,333.806456,38.277393,14.828179,3407.377674,27.932152,0.344841,0.344841,1.034524,0.0,5.517462,11.724607,0.0,1266.602388,2399.06148,2372.853535,807.963353,0.0,2.41389,0.0,615.541863,4.138097,3.103572,0.0,0.344841,364.497339,1.379366,1.034524,17.58691,6.896828,26.897628,0.0,0.0,0.0,30.0012,894.863381,58.278193,43.105172,582.781932,0.0,154.488938,1.379366
TCGA-P5-A5EW,5388.298579,7061.012996,6375.668746,172.854871,719.625928,251.254319,211.909947,2322.475154,20.829374,114.706203,14.75414,7.37707,41.080153,20.25078,0.0,0.0,0.0,0.0,1.735781,3.037617,0.0,585.10289,1175.268475,1224.159643,312.729901,0.0,1.735781,0.0,93.442884,1.591133,3.182265,0.0,0.723242,408.053214,0.723242,0.289297,22.709803,6.509179,24.300936,0.0,0.0,0.0,5.49664,245.757679,18.948944,13.163007,67.840113,0.0,26.615311,0.289297
TCGA-QH-A6CS,11009.196091,9014.53802,7188.484397,397.366965,2786.154796,530.092387,274.892693,13793.19275,19.693,175.618394,29.94415,38.037164,122.204505,36.418561,0.269767,0.0,0.269767,0.0,1.348836,10.520918,0.0,1633.4399,1359.356508,1436.509904,1226.631086,0.0,1.618603,0.0,254.929927,4.316274,5.665109,0.0,1.618603,253.041557,1.348836,0.809301,16.186027,0.809301,27.246479,0.0,1.079068,0.0,15.91626,807.412985,22.930205,13.488356,125.44171,0.0,83.897574,1.079068
TCGA-DU-5849,12190.704334,11761.215818,6670.987126,328.547432,1200.311338,462.583953,321.477043,9352.770585,7.52169,315.309257,70.252587,134.487823,332.157844,51.448362,0.752169,0.300868,0.601735,0.0,0.902603,11.884271,0.300868,415.79904,1255.670978,1373.611082,717.870122,0.0,0.601735,0.0,1427.466385,0.300868,2.557375,1.20347,0.451301,1453.792301,0.601735,0.300868,34.900643,13.990344,14.140778,0.0,0.300868,0.0,11.282535,650.024476,17.149454,15.645116,283.868592,0.0,527.27049,1.053037
TCGA-S9-A6WE,6337.436229,10055.49759,4137.7642,179.836152,409.995774,229.0101,129.12951,3574.882152,14.049699,234.119082,36.912392,57.476043,1207.124628,19.925028,0.127725,0.0,0.0,0.0,0.766347,6.258502,0.0,204.23154,735.565626,772.605743,458.020201,0.0,0.255449,0.0,499.147503,0.383174,2.171317,0.255449,0.127725,1294.488214,0.510898,0.510898,38.572811,7.152574,6.386227,0.0,0.127725,0.127725,8.302095,317.90638,53.005684,15.965568,116.74023,0.0,171.150884,1.915868
TCGA-DU-8162,11719.403012,19252.682724,9526.889044,497.5727,2518.767347,665.780895,432.446469,16362.446971,20.948246,336.208981,241.008536,25.718639,262.16419,156.593326,1.866675,1.24445,2.696309,0.207408,3.525942,33.807566,0.207408,850.166943,1818.141845,1931.594228,1264.776291,0.0,0.414817,0.0,7093.159132,0.829634,13.896361,0.0,1.451859,4320.938747,0.622225,1.037042,94.578221,65.541048,30.074215,0.0,0.0,0.207408,25.511231,1765.0453,49.570602,16.59267,1824.364096,0.0,2032.602108,6.014843
TCGA-DU-6407,17489.808179,35096.339527,32147.577565,437.282753,1770.587478,400.377634,562.588508,12075.269279,8.582586,770.501652,86.040424,84.109342,8172.55289,94.837575,0.214565,0.0,0.0,0.0,4.505858,7.295198,0.429129,932.497962,4362.099301,4629.446852,348.452989,0.0,3.003905,0.0,747.757799,0.0,4.076728,7.080633,0.429129,933.141656,0.858259,0.643694,82.60739,8.368021,22.743853,0.0,1.931082,0.0,34.759473,750.332575,45.70227,51.280951,119.297944,0.0,226.580269,3.862164
TCGA-E1-A7YY,9224.469865,5246.35253,4882.561709,635.267924,5783.26752,1079.006451,256.235274,4741.934269,23.006534,172.261424,133.437898,50.614375,305.699322,136.601296,1.72549,2.300653,3.163398,0.287582,2.300653,41.12418,0.575163,927.738489,1390.169826,1468.967205,2988.261204,0.0,0.0,0.862745,4480.810106,3.45098,8.915032,0.287582,2.013072,3052.679499,0.575163,1.437908,100.078424,39.39869,56.65359,0.0,0.0,0.0,13.516339,1869.568481,58.954244,19.843136,1819.816851,0.0,1399.084858,4.313725
TCGA-HT-A74O,8126.085534,10435.872274,12456.521038,315.121695,970.98024,560.769192,351.425189,13197.333444,15.111099,663.96694,46.438987,17.322479,249.333131,44.043325,0.368563,0.0,0.0,0.0,0.921408,2.948507,0.368563,326.731442,2358.621389,2513.233729,944.259395,0.0,2.395662,0.184282,413.712401,0.184282,8.66124,0.184282,0.184282,427.902091,0.184282,0.184282,27.826536,1.842817,13.084,0.0,0.368563,0.0,9.029803,812.866548,83.295325,45.333296,153.50665,0.0,77.398311,1.289972
TCGA-E1-A7YQ,10086.291611,17409.489054,11468.925515,288.699176,1207.161716,375.052044,1125.551339,13818.830102,13.832267,413.584788,49.400954,6744.811072,40634.656034,16.796324,0.0,0.0,0.0,0.0,0.592811,1.580831,0.0,314.585276,1392.711699,1418.202592,1987.696791,0.0,1.778434,0.0,109.472514,1.976038,4.940095,0.0,0.395208,100.97555,0.0,0.0,3.161661,1.778434,7.311341,0.0,1.383227,0.0,8.29936,351.339586,58.293126,38.33514,103.5444,0.0,47.227312,0.0
TCGA-TM-A84M,16260.13601,18482.651502,5627.750904,193.963329,977.879433,476.160956,283.338588,14398.01199,6.313316,294.367875,32.175093,50.126209,62.828906,22.210703,0.304256,0.152128,0.0,0.0,0.684576,2.205857,0.076064,327.988186,1567.375824,1613.927023,441.703941,0.0,0.152128,0.0,833.738057,2.966498,5.780868,0.304256,0.456384,731.736166,0.836705,0.0,12.094184,1.369153,6.693636,0.0,0.076064,0.076064,8.062789,289.651904,54.309732,21.60219,149.998308,0.0,213.435726,0.152128
TCGA-FG-A4MU,7163.696659,13942.720908,5299.287777,304.807992,1095.53663,268.183776,533.1777,9395.883556,8.97884,297.601291,32.607367,2775.643006,36148.455669,26.227664,0.354428,0.118143,0.0,0.0,1.890282,1.181426,0.118143,549.126955,1438.85912,1523.449245,2668.605781,0.0,1.653997,0.0,426.494903,0.118143,6.970415,0.0,0.590713,78.919278,1.890282,0.708856,3.307994,0.0,18.784679,0.0,0.708856,0.0,7.915556,245.972961,65.214733,27.290948,89.906543,0.0,279.761754,0.472571
TCGA-HT-A5R7,3594.932526,4114.939558,3556.593922,358.179997,838.153901,367.923509,219.440849,3118.559485,15.462531,145.940874,47.234855,28.806907,19067.418753,48.293932,1.482708,0.635446,0.423631,0.211815,1.694524,10.80259,0.0,665.31246,1041.920404,1059.712905,965.666827,0.0,1.059077,0.211815,1299.276226,3.177232,3.600863,0.0,1.270893,1060.136536,0.211815,1.059077,49.988456,12.920745,32.831401,0.0,0.0,0.0,13.979822,739.871513,37.491342,17.792501,322.806809,0.0,501.155454,3.812679
TCGA-DH-A669,7593.251767,6296.496746,2185.563738,299.401058,418.15514,253.010473,186.551233,2300.65311,48.339281,176.89501,19.283359,400.529626,57058.442482,17.276494,0.145425,0.087255,0.029085,0.0,0.552615,1.04706,0.11634,230.382338,775.522617,803.676903,1540.836396,0.0,0.75621,0.0,443.197331,1.890525,2.472226,0.029085,0.668955,185.591427,0.378105,0.378105,6.544126,0.05817,13.059168,0.029085,0.05817,0.261765,4.769941,380.024697,27.281736,17.334664,44.005615,0.0,242.83072,0.261765
TCGA-HT-7884,5117.074206,10209.984722,4266.542316,353.075043,448.003828,311.126276,254.394133,6196.410731,13.807823,386.619049,43.149447,27.315476,421.964074,35.870323,0.525298,0.30017,0.450255,0.150085,1.951105,4.727679,0.525298,524.171983,1566.437504,1631.049112,508.788267,0.075043,0.525298,0.0,1077.235335,0.750425,6.753827,0.525298,0.60034,1123.161355,0.30017,0.30017,65.962373,11.106293,15.608844,0.0,0.075043,0.0,22.437713,874.245326,57.782738,37.146046,252.367985,0.0,243.212798,2.701531
TCGA-S9-A7R7,8332.249157,7792.717258,10357.027565,392.288411,2601.482071,609.183843,300.441676,25114.939241,11.187618,295.93054,78.13288,179.543224,8777.408085,71.095508,1.624009,0.0,0.180445,1.263118,3.248018,5.593809,0.0,518.600227,1663.165724,1759.704041,875.88222,0.0,12.631182,0.0,3449.936582,0.541336,6.496036,0.360891,0.721782,431.264628,0.0,0.360891,13.8943,0.541336,19.127218,0.0,0.0,1.443564,13.352963,1639.166479,78.674217,19.127218,280.412231,0.0,1125.618725,0.541336
TCGA-S9-A6TZ,11498.892339,22340.741852,9797.138563,249.12338,665.186213,253.730824,291.769017,8114.56461,14.893828,322.092422,23.358665,86.255622,104289.047411,30.216255,0.10715,0.0,0.750049,0.0,1.821547,12.322232,0.10715,372.988597,1372.803763,1460.023734,869.842409,0.0,0.642899,0.0,543.892593,0.32145,6.321841,0.642899,0.0,778.765045,0.32145,0.32145,19.501271,0.32145,9.107736,0.0,0.2143,0.0,12.750831,475.638144,37.823894,13.28658,117.757675,0.0,152.795673,1.285798
TCGA-DH-A7UT,11644.345702,12259.679934,4452.797797,276.387626,1610.808277,554.142661,196.052323,7418.366941,19.143732,277.413183,29.399302,14.186873,197.419733,25.126148,0.512779,0.0,0.0,0.0,0.683705,13.503168,0.170926,311.427492,1072.219899,1062.818959,689.858044,0.0,1.880188,0.0,645.759091,5.81149,10.597423,0.512779,0.854631,304.590445,0.512779,0.341852,50.765074,1.367409,13.674094,0.0,0.683705,0.0,7.520752,445.262687,55.038228,21.536698,185.113048,0.0,245.449988,1.025557
TCGA-FG-7636,7807.9933,17398.95262,10301.663935,291.133289,786.325029,412.041103,439.722629,5630.485993,11.772603,514.282448,62.999335,14.105912,26919.594501,45.923757,0.530297,0.848476,0.424238,0.212119,2.439368,9.121116,0.0,386.586826,1733.542299,1853.07134,491.585718,0.0,1.590892,0.106059,1263.910895,3.393904,11.878662,0.106059,0.106059,1076.715902,0.0,0.424238,73.605283,3.181785,14.53015,0.0,0.106059,0.106059,13.257436,953.580839,93.968705,67.135655,143.180306,0.0,334.2995,4.03026
TCGA-TM-A84J,10263.421686,19669.841016,1444.351058,141.258765,933.575946,251.363784,166.681685,2364.453466,11.33972,360.981074,57.491159,11.461652,50807.430711,6.889184,0.853527,0.121932,1.402223,0.0,2.621548,1.402223,0.060966,142.356157,3312.783242,3314.856093,533.820348,0.0,0.731595,0.0,1458.921988,1.341257,6.15759,0.0,0.243865,215.942402,0.121932,0.48773,16.582816,0.365797,7.742712,0.0,0.0,0.0,8.535273,401.096856,55.723138,122.907928,433.652825,0.0,327.510611,0.365797
TCGA-DH-A7UR,6649.367918,10971.234783,4437.739992,395.947653,738.260962,391.071803,448.86496,4479.471527,41.874942,330.123686,74.858629,143.69415,31904.54693,39.437017,0.430222,0.573629,0.430222,0.0,0.430222,17.20888,0.0,561.009496,1318.343634,1358.641095,4900.228649,0.0,0.573629,0.0,1705.686847,2.294517,5.736293,0.0,0.573629,1011.882158,0.430222,0.143407,49.188716,7.313774,17.352288,0.143407,0.0,0.0,8.174218,587.253038,94.505434,54.494787,155.596959,0.0,443.98911,1.864295
TCGA-VM-A8CD,7471.41957,11205.970719,12507.921059,408.196369,6428.825437,555.254013,427.804055,12411.308644,17.825169,331.369891,129.76723,42.780406,3895.868928,50.445228,0.356503,0.713007,0.178252,0.0,4.456292,9.090836,0.713007,1893.74595,2187.504735,2308.715884,1248.296582,0.0,0.891258,0.0,1426.013517,1.426014,4.456292,0.0,0.891258,919.065712,0.178252,0.891258,21.390203,17.825169,16.577407,0.0,0.178252,0.0,3.743285,506.056547,78.608995,15.329645,501.243751,0.0,288.945989,1.426014
TCGA-HT-7603,17432.465692,19692.105989,8917.86007,448.468223,3240.058408,616.086825,451.482474,11758.464608,24.245068,353.715878,128.433331,17.561292,28900.120544,111.134148,1.572653,0.917381,2.752143,0.262109,2.752143,37.612618,0.655272,976.355424,2255.053393,2409.304444,1095.746,0.131054,0.917381,0.262109,4030.840774,2.35898,13.62966,0.786327,0.524218,3162.343138,0.131054,0.786327,82.43323,37.481564,32.108333,0.0,0.131054,0.131054,19.133945,1179.882937,58.188162,26.079829,639.676621,0.0,827.215495,7.470102
TCGA-QH-A6CZ,7403.220764,18651.774195,4586.37474,225.414143,434.489915,259.060112,184.291293,4817.742696,9.276872,253.38322,47.768968,14.676842,6716.316855,44.58437,0.276922,0.276922,0.692304,0.553843,0.138461,5.953813,0.0,305.721393,1206.270279,1267.193021,871.333663,0.0,0.276922,0.276922,1229.393229,0.969225,5.953813,0.276922,0.138461,1125.963029,0.830765,0.0,61.338124,5.676892,6.507656,0.0,0.0,0.0,15.922989,378.4133,46.799742,17.169136,322.336686,0.0,337.013528,1.384608
TCGA-QH-A6X3,7465.714615,8319.451445,6884.259282,390.692155,1511.55472,378.604758,276.864396,5346.123747,15.409998,311.006995,25.034087,140.809577,47856.58092,32.424012,0.057286,0.114572,0.0,0.057286,2.005018,6.931635,0.45829,812.777169,1691.433513,1756.797113,620.925552,0.0,2.005018,0.0,180.394369,1.432156,8.707508,0.401004,0.286431,467.684861,0.515576,0.286431,24.862228,1.83316,12.373828,0.0,0.286431,0.0,17.185872,522.736937,34.658175,21.997916,78.997725,0.0,45.370702,0.572862
TCGA-HT-7858,21631.16859,36737.12057,24128.105517,448.389966,2191.856164,557.485711,564.97394,11880.46205,22.464686,754.890911,133.626149,169.905326,1528.6315,76.17336,0.129107,0.0,0.129107,0.0,3.227685,6.713584,0.387322,512.556339,1919.697785,2065.589136,566.652336,0.0,4.260544,0.0,528.178333,0.774644,8.90841,1.161967,0.774644,1307.599648,0.387322,0.129107,73.72032,7.617336,11.748773,0.0,0.387322,0.0,18.333249,885.160267,67.135843,35.891854,153.250472,0.0,174.165869,3.873222
TCGA-CS-5396,5099.862513,12438.329056,2043.990346,172.20031,195.889241,200.08036,100.586848,1452.67817,15.671139,89.106827,18.768923,258.573799,7287.808674,5.284454,0.0,0.0,0.0,0.0,0.364445,2.004448,0.0,371.734002,670.032317,683.881231,1067.459699,0.0,0.182223,0.0,248.916004,0.911113,4.191119,0.0,0.72889,205.182592,2.004448,0.0,12.937801,0.0,6.742234,0.0,0.0,0.0,3.462228,325.631697,55.213433,19.862258,30.066721,0.0,186.231446,0.546668
TCGA-DU-A7TJ,13159.749939,9662.251403,7905.730739,336.945552,4095.896073,517.16794,317.887127,8369.979169,14.617627,342.311517,22.75909,3938.987876,46117.317743,27.754988,0.370067,0.185033,0.0,0.185033,0.5551,1.850333,0.185033,544.737895,1263.777113,1350.187642,1427.531542,0.0,1.295233,0.0,617.085897,0.0,10.916962,0.0,0.5551,117.681148,0.5551,0.370067,7.031264,0.185033,14.987693,0.0,2.035366,0.370067,11.101995,631.148424,47.738579,31.640686,82.154764,0.0,544.552862,0.0
TCGA-DU-A6S2,8822.277769,13228.358008,5395.888544,412.490386,1038.497768,558.558775,306.891161,7517.147227,44.473925,443.263813,136.794206,60.914523,81.149105,54.380439,0.421554,0.843108,2.107769,0.0,0.632331,11.803506,0.210777,371.599668,1154.003507,1215.971914,1774.741466,0.0,0.421554,0.0,2277.02281,1.896992,10.328068,0.210777,0.421554,1501.363832,0.632331,0.421554,50.164901,18.969921,14.543606,0.0,1.475438,0.0,11.803506,731.39583,81.570659,29.508765,570.573058,0.0,444.317697,2.7401
TCGA-HT-A74K,13356.128569,25963.667941,7614.738448,369.551107,1288.244127,560.614545,291.228335,8556.156104,24.93091,326.749367,85.382853,133.479654,13349.509744,30.887854,0.0,0.0,0.0,0.220628,1.76502,4.412551,0.220628,419.412928,1233.087245,1361.933721,2685.036997,0.0,1.544393,0.0,547.818148,1.323765,11.693259,0.441255,0.220628,760.944339,0.220628,0.661883,47.214291,2.64753,11.031376,0.0,0.220628,0.0,7.060081,794.259095,123.11016,60.893197,128.184593,0.0,107.88686,0.441255
TCGA-HT-8106,15951.968384,35339.73007,8308.792544,711.033503,1756.364432,691.427343,536.067143,23621.451223,27.796074,657.178609,145.433031,227.828536,41116.598078,67.752931,0.744538,0.0,1.489075,0.0,4.467226,10.671707,2.233613,720.712493,1914.702783,1970.54311,1438.446835,0.0,15.138933,0.248179,4122.008882,2.481792,14.146216,0.0,0.992717,1016.790318,0.248179,0.744538,64.278421,20.350697,29.533329,0.0,0.248179,0.0,23.825206,3195.059446,107.709787,50.132205,596.126518,0.0,1689.604219,2.233613
TCGA-FG-6690,8709.562057,14251.747035,8478.557137,252.752245,927.402596,616.657484,387.102386,6337.653802,28.51316,507.920859,49.777211,24.646968,5186.978668,79.256918,1.449822,0.0,0.483274,0.0,3.382917,8.69893,0.0,505.021216,2239.007935,2421.685466,994.577667,0.0,0.483274,0.0,817.216149,0.0,6.282561,1.933096,2.416369,1206.251631,0.483274,0.0,62.342332,16.914586,19.330956,0.0,0.0,0.483274,6.765834,552.382057,153.197823,37.21209,115.50246,0.0,226.655455,2.416369
TCGA-HT-7609,14906.291847,22170.112245,17270.133466,396.612364,2121.164345,583.276955,502.650624,9485.83418,12.240301,383.706829,50.291672,13.570769,185.600217,81.823752,0.266094,0.133047,0.0,0.0,3.459216,12.772488,0.39914,801.473626,2722.535658,2873.277627,428.942724,0.0,5.055777,0.0,404.861262,1.197421,18.227405,1.463514,0.266094,484.423219,0.266094,0.266094,56.278776,9.712413,17.163031,0.0,0.133047,0.0,30.866846,849.104363,84.617733,57.476196,142.89221,0.0,97.390221,5.587964
TCGA-QH-A65Z,4662.655965,5567.575484,3148.155641,168.431212,352.367441,211.866499,161.84689,2803.222112,14.867825,84.321805,22.195538,321.569804,1352.865832,11.469465,0.106199,0.106199,0.0,0.0,0.743391,4.460347,0.318596,299.374266,691.778635,728.417202,508.267201,0.0,0.212397,0.0,276.753933,0.106199,1.168186,0.0,0.212397,613.934953,0.530994,0.106199,18.053787,1.168186,9.026893,0.0,0.106199,0.0,3.185962,203.052003,26.549687,7.858707,77.312687,0.0,92.817704,0.424795
TCGA-HW-8319,11321.692472,17301.915185,12104.967476,421.778208,1029.288332,334.949974,414.111256,18089.694524,11.692102,425.036662,88.457461,39.868151,64017.038268,77.532054,0.670858,0.575021,1.24588,0.095837,2.300086,15.333904,0.575021,549.145451,3097.161177,3232.003699,661.945485,0.0,2.683433,0.287511,2101.894945,0.191674,7.571115,0.383348,0.383348,3069.655986,0.479185,0.479185,60.185575,12.937982,13.992188,0.0,0.191674,0.0,18.113175,917.734178,56.256262,20.317423,500.556142,0.095837,498.73524,4.504334
TCGA-E1-A7YJ,9040.159416,8077.118878,10704.135213,628.209044,3654.492298,365.667408,493.374642,9625.459993,9.890765,292.650289,59.344591,240.869224,36364.852875,36.217655,0.145452,0.0,0.0,0.145452,1.163619,2.327239,0.436357,493.810999,1308.344606,1442.160841,2705.997004,0.0,3.345406,0.0,193.451732,1.599977,9.308956,0.0,0.58181,77.81705,0.145452,0.727262,5.96355,0.0,28.654129,0.0,0.145452,0.145452,9.59986,705.444284,63.708164,23.854198,62.544545,0.0,89.889602,0.0
TCGA-HT-7873,5991.547283,13693.951715,6187.948762,265.281194,489.881148,269.142768,302.998899,8449.484408,13.021589,324.821285,31.251813,31.162009,1385.586843,35.742016,0.359216,0.0,0.179608,0.0,1.885885,3.951379,0.44902,561.634592,2023.375278,2084.621647,706.488541,0.0,1.706277,0.179608,831.855009,0.359216,7.992561,0.179608,0.808237,516.283542,0.179608,0.0,20.385522,0.44902,13.740021,0.0,0.269412,0.0,15.087082,605.907994,50.829098,40.860847,131.562948,0.0,338.651111,0.987845
TCGA-DB-A75L,4898.245934,6617.798333,4197.34309,257.95841,584.801119,496.498399,305.686849,5291.009076,12.570873,294.546806,26.879185,35.975182,159.742074,29.332038,0.408809,0.408809,1.124224,0.102202,2.146247,10.935638,1.124224,366.803778,1809.592558,1837.493764,1021.715622,0.0,1.430831,0.204404,847.154225,4.292493,2.657258,0.204404,0.817618,684.346084,0.408809,0.102202,65.511625,5.621122,9.504807,0.0,0.0,0.0,10.015818,515.916821,72.154769,28.207814,131.840867,0.0,345.852322,1.430831
TCGA-DH-A66B,6123.276981,7347.63262,7416.726506,291.962882,767.82641,404.671346,183.750767,11080.500971,8.69294,160.669512,22.931376,43.914335,47036.299469,21.73235,0.0,0.149878,0.0,0.0,1.498783,1.199026,0.0,526.822141,1952.764063,1988.584971,344.869914,0.0,2.697809,0.0,360.157498,1.798539,2.997566,0.0,0.299757,426.703453,0.299757,0.149878,21.73235,2.248174,10.341601,0.0,0.149878,0.0,3.896835,551.552057,72.690964,31.474438,59.501676,0.0,107.162968,1.348904
TCGA-CS-6665,11714.535074,33657.509147,9352.728152,625.377941,870.713276,456.369155,962.259702,15841.393432,11.130955,1302.548898,124.257804,91.092101,4427.166981,82.459932,2.044461,1.135812,1.590136,0.0,3.407435,14.084066,1.362974,427.519537,2219.148968,2286.843347,740.549251,0.227162,20.217449,0.454325,10101.455247,1.135812,16.582851,0.454325,0.681487,750.771557,0.454325,1.590136,112.218199,1.590136,15.901364,0.0,0.0,0.0,20.217449,631.738487,104.949004,105.857654,421.386154,0.0,3278.406992,3.407435
TCGA-CS-6669,12098.293482,8229.323975,5492.628539,727.733432,4897.085356,1163.054337,386.677092,11870.189725,20.886609,234.149881,217.110805,68.705951,104.982693,281.144751,7.420243,9.069186,7.420243,0.549648,8.794362,104.433045,0.0,1586.008171,2911.208551,2974.69285,2516.286746,0.0,0.824471,0.0,15051.550075,4.397181,18.962842,0.0,2.748238,8357.666691,0.549648,2.19859,103.33375,186.605363,48.643813,0.0,0.274824,0.549648,28.306852,2332.429621,102.234455,23.0852,2363.759535,0.0,2537.723002,10.992952
TCGA-S9-A6TY,5735.005871,7817.491565,2324.014585,317.623062,550.740018,325.841619,169.1089,5123.545219,11.409291,266.184563,31.713962,18.370892,26.396072,28.619917,0.290067,0.193378,0.290067,0.096689,0.773511,9.958957,0.096689,333.286665,1103.897259,1142.7662,1193.431188,0.0,0.193378,0.193378,1419.683232,0.580133,6.961601,0.386756,1.063578,848.058409,0.676822,0.193378,33.357673,8.121868,17.69407,0.096689,2.707289,0.0,11.602669,495.433963,55.596122,16.243736,218.710309,0.0,409.090768,3.480801
TCGA-DH-5143,5202.531733,7897.532443,6819.664413,195.40491,615.310553,239.048646,193.421104,3122.014992,11.076251,88.279375,20.995282,16.862353,373.947467,21.491234,0.330634,0.330634,0.826586,0.0,0.661269,4.298247,0.0,807.078485,1086.960475,1170.280335,380.560154,0.0,1.653172,0.165317,703.424612,2.810392,3.471661,0.0,0.165317,517.773416,1.15722,0.165317,17.688939,7.108639,22.648454,0.0,0.0,0.0,9.423079,366.012242,29.757093,14.382595,137.543896,0.0,327.328021,0.991903
TCGA-P5-A733,7235.746805,11554.547793,8270.719039,487.897196,1762.239376,617.084102,497.842224,11215.235232,14.572913,563.715731,67.744353,179.502843,20056.956459,100.238011,0.984656,0.492328,0.492328,0.0,3.544763,19.693126,0.492328,1520.013927,3232.922023,3325.184318,1373.49707,0.0,1.772381,0.295397,1821.220288,1.57545,13.391326,0.492328,0.098466,1876.459507,0.492328,0.787725,55.633081,5.514075,22.450164,0.0,0.098466,0.0,26.191858,973.923544,79.166366,24.321011,164.339136,0.0,529.055829,3.249366
TCGA-P5-A780,9651.779223,13596.173591,9376.512213,536.963855,953.775215,497.38421,427.460169,7926.295161,23.65355,547.047241,70.489464,75.578275,33161.523119,44.479982,0.188475,0.188475,0.376949,0.0,4.146439,10.837284,0.094237,429.344914,1625.309864,1761.105742,895.913543,0.0,1.225084,0.0,1241.952728,0.753898,9.046776,0.094237,0.471186,1644.816975,0.471186,0.376949,30.532869,2.544406,13.193215,0.0,0.188475,0.0,14.983723,663.430245,86.886745,44.197271,389.765269,0.0,293.831748,1.696271
TCGA-HW-7493,19918.185486,40591.257767,27911.207757,770.101567,4604.224265,606.542762,763.371956,22444.715514,17.262915,541.002203,143.662564,95.970104,13863.876355,257.773359,0.877775,0.292592,2.048142,0.0,9.655529,33.648055,0.292592,2348.049042,5489.606994,5855.34672,1319.003748,0.0,1.462959,0.877775,4868.434643,3.803693,23.407342,0.292592,0.0,2858.329108,0.585184,0.877775,86.899759,32.185096,57.055397,0.0,0.585184,0.0,60.273907,2330.786127,101.529348,63.785008,1445.110806,0.0,1131.159825,11.411079
TCGA-P5-A5ET,4664.67827,6881.109509,3222.352942,164.502233,422.600565,278.141132,175.847215,3035.917077,23.635378,114.96248,36.682107,15.693891,22.311797,29.118786,0.567249,0.0,0.189083,0.0,0.945415,8.886902,0.0,327.680885,850.306371,883.774067,462.686166,0.0,0.189083,0.0,666.328586,0.945415,3.025328,0.0,0.378166,725.88974,1.134498,1.323581,52.943247,3.403494,18.71922,0.0,0.0,0.0,5.861574,307.070835,19.286469,10.0214,276.250302,0.0,161.287822,0.945415
TCGA-FG-8186,10778.942979,17720.408724,6994.994854,370.855255,715.820615,470.041543,375.053617,13277.842658,11.895357,503.978297,68.223372,17.143309,549.110682,55.453357,0.699727,0.0,1.224522,0.0,1.04959,14.344401,0.349863,423.859568,2639.719717,2777.216053,1091.74889,0.0,0.699727,0.0,1510.360506,2.274112,6.997269,0.874659,0.349863,1571.936473,1.04959,0.524795,32.712232,12.944948,14.519333,0.0,0.174932,0.0,18.717694,458.321117,44.957453,21.866466,329.221505,0.0,354.761537,1.924249
TCGA-TQ-A7RQ,6947.518998,12277.228542,2772.625235,176.76752,389.694508,192.124403,133.746466,1359.68313,15.03014,121.657005,28.862226,20.584757,685.940752,27.773085,0.217828,0.217828,0.435656,0.326742,0.653484,6.752672,0.435656,285.354838,905.29367,953.542599,605.780004,0.0,0.0,0.0,882.312803,0.108914,3.594164,0.108914,0.217828,1019.544519,0.54457,0.108914,15.356883,6.317016,9.148781,0.0,0.0,0.0,3.920906,324.237158,42.040827,15.465797,156.400591,0.0,209.76848,0.326742
TCGA-TQ-A7RJ,9410.293494,14211.508384,11356.084441,353.267695,1099.890199,321.793047,349.196347,10293.775912,24.897856,345.125,37.89485,45.880955,1048.998355,40.400295,0.469771,0.15659,0.939542,0.626361,1.722493,9.552008,0.469771,872.521097,2159.223513,2270.089438,605.378062,0.0,2.348854,0.0,665.665324,0.15659,5.63725,0.15659,0.626361,973.835015,0.0,0.313181,38.834392,10.334959,16.44198,0.0,0.0,0.0,17.851293,530.371313,42.122788,25.680808,141.401032,0.0,203.254197,2.818625
TCGA-DU-8166,16067.77821,17461.556336,8963.833895,296.499152,1188.747543,563.855593,410.147131,13293.804698,14.098539,593.342171,72.212029,26.735644,9990.276306,75.82263,0.687734,0.171933,0.2579,0.085967,1.719334,6.533469,0.0,389.085289,1984.283396,2063.544694,547.092086,0.2579,2.063201,0.0,1220.125389,0.429834,4.900102,0.5158,1.0316,3026.199814,0.171933,0.171933,43.155284,7.393136,14.700306,0.0,0.343867,0.171933,12.980972,685.068641,65.67856,31.205913,281.71288,0.0,295.209652,0.429834
TCGA-WY-A85C,10032.429405,12111.930027,7772.803704,336.95931,796.574564,497.790195,314.908803,21335.794905,17.778221,518.324729,45.479171,76.625512,59660.540714,27.011871,0.551263,0.0,0.689078,0.275631,1.102525,3.445392,1.240341,525.077697,2270.099692,2333.357084,834.473873,0.0,3.031945,0.0,642.634462,0.551263,11.989963,0.0,0.275631,812.561182,0.0,0.0,58.571659,8.544571,6.890783,0.0,0.275631,0.0,9.647097,289.412904,60.501078,59.674184,157.523309,0.0,238.00766,0.96471
TCGA-HT-7467,11263.974302,16947.424611,4654.578499,580.183514,1677.151062,817.148855,430.685975,14229.661095,24.655353,379.222816,137.561218,21.720192,4564.958246,54.593997,1.761097,0.391355,1.369742,0.391355,5.478967,52.637223,0.587032,940.034267,1812.168474,1927.618144,2394.504439,0.0,0.195677,0.195677,3359.781092,4.696258,13.893096,0.0,2.348129,2011.172397,0.78271,0.587032,97.251672,8.022774,41.092256,0.0,0.0,0.195677,26.220773,1634.689065,88.641866,44.027417,983.866006,0.195677,458.472166,6.653032
TCGA-E1-A7YU,5846.092534,4336.535081,5088.019717,344.961473,1361.161377,576.627834,307.808452,2882.491153,15.228418,353.925719,64.369768,17.064469,22602.536666,57.133569,1.296036,2.160059,1.08003,0.324009,3.99611,7.884217,0.756021,347.445541,1339.452781,1349.281051,660.654142,0.0,1.296036,0.0,1164.487977,1.08003,5.616154,0.0,1.728047,752.780671,0.324009,0.216006,94.394592,4.644128,13.392368,0.108003,0.540015,0.0,5.940163,719.623761,94.394592,26.784736,237.498522,0.108003,487.201379,2.052056
TCGA-E1-A7YE,11233.738188,6166.086023,12461.017306,172.988767,2154.516839,935.416593,697.781117,9627.429924,19.270769,420.371668,45.824097,100.499303,2682.670368,70.584795,0.224079,0.0,0.112039,0.0,5.714007,2.016708,0.336118,237.187319,1720.924526,1814.36535,846.905501,0.0,3.47322,9.859463,351.691542,12.436369,2.576905,0.0,0.896315,310.23698,0.336118,0.672236,15.125313,1.008354,23.976422,0.0,0.336118,0.0,8.73907,780.91432,61.285528,88.174974,172.316531,0.0,98.818713,0.336118
TCGA-TM-A84B,13979.786993,16669.585196,8919.408604,286.268868,1521.676838,466.008325,408.069654,10168.42198,15.734144,326.529766,51.367353,51.089691,19736.817749,28.414013,0.0,0.0,0.0,0.277661,2.313845,0.370215,0.185108,381.506716,1426.253882,1451.983835,998.747932,0.0,0.462769,0.0,20.176726,0.832984,3.702152,0.092554,0.370215,335.877699,0.277661,0.647877,3.146829,0.0,7.959626,0.0,0.74043,0.925538,2.776614,467.211525,39.242806,31.375734,95.422956,0.0,3.887259,0.462769
TCGA-CS-5395,5673.576882,9490.133017,5816.107298,209.979687,745.242248,322.601405,226.068504,4469.597087,9.488277,314.35073,26.608428,3796.960781,2682.294546,31.352566,0.412534,0.0,0.412534,0.206267,3.094003,3.919071,0.618801,442.442464,720.077688,790.002162,1115.491303,0.0,1.237601,0.412534,682.743383,0.206267,5.775473,0.0,2.062669,279.491626,0.412534,0.0,21.451756,2.887736,20.420421,0.0,3.506537,0.206267,28.46483,421.196975,30.321232,45.378714,87.663425,0.0,324.25154,3.094003
TCGA-TQ-A7RW,11135.145991,13444.839775,12474.114281,304.953829,855.108215,284.093219,283.562865,7731.507688,9.723166,358.873202,32.881978,17.324913,35898.280838,48.792613,0.35357,0.0,0.176785,0.0,3.182127,3.182127,0.176785,417.74255,1304.14168,1443.978479,369.303507,0.0,1.060709,0.0,442.492426,0.0,5.833899,0.176785,0.176785,700.244706,0.176785,0.530354,24.396306,4.066051,12.198153,0.0,0.0,0.0,13.966001,599.300569,31.467699,19.446331,68.238944,0.0,133.826115,2.651772
TCGA-HT-7470,8165.87435,14545.331397,9489.283613,414.722915,1403.972662,578.760049,388.926753,10927.915734,22.092098,475.707688,89.955848,43.787332,47502.508181,96.041096,1.455168,1.455168,1.852032,0.0,1.190592,38.098947,0.0,670.700216,2438.861773,2533.183125,1160.827297,0.0,2.248896,0.0,3763.858492,0.793728,16.271425,0.264576,0.529152,2368.219975,0.264576,0.66144,122.101834,26.457602,28.57421,0.0,0.0,0.264576,27.25133,1171.145762,78.182215,51.063172,704.433659,0.0,946.917584,8.863297
TCGA-TM-A84T,7349.599766,8439.329649,8450.865542,300.55121,1066.658097,616.655275,546.409927,4143.033536,16.17085,473.795601,51.396523,50.160534,147.803628,29.457727,0.205998,0.0,0.411996,0.0,2.059981,10.505902,0.205998,443.616881,1479.787262,1532.316774,363.174628,0.0,1.647985,0.0,193.020208,2.368978,9.269914,0.720993,0.823992,609.136345,0.308997,0.308997,100.21807,3.295969,13.389876,0.0,0.411996,0.0,26.88275,395.619327,119.066895,71.06934,104.235032,0.0,63.859407,1.956982
TCGA-HT-7606,14541.529198,20913.491656,11264.532904,252.390904,902.887606,369.507547,342.271119,23298.040974,16.568827,402.645202,34.726446,1.361821,6581.455987,32.002804,0.0,0.0,0.0,0.0,0.45394,5.674256,0.0,366.329964,2737.034098,2882.522021,993.902672,0.0,2.950613,0.0,78.531702,0.22697,19.0655,0.0,1.815762,353.39266,0.45394,0.45394,34.045536,8.170929,8.851839,0.22697,0.22697,0.0,15.887917,450.989863,89.426274,106.676012,138.224875,0.0,15.207006,0.45394
TCGA-FG-8187,20287.648501,27737.619804,12570.213083,353.767071,1769.285634,635.339845,460.632644,25886.834161,17.560775,452.377579,96.058942,26.116025,536.128969,66.941075,0.75046,0.300184,0.300184,0.0,1.951197,26.416209,0.0,533.577403,2322.224917,2484.024197,672.562684,0.0,0.900553,0.0,1350.828869,1.350829,7.354513,0.0,1.500921,1682.532402,1.801105,0.300184,37.673116,2.251381,13.958565,0.0,0.0,0.0,26.266117,727.196208,40.975142,21.613262,380.333373,0.0,326.600402,1.500921
TCGA-S9-A6WQ,21383.134899,15784.692328,11820.773443,347.594911,4270.770069,1408.523333,235.231354,11393.441788,16.392983,409.187965,75.2804,11.300018,9570.79668,58.250795,0.159155,0.159155,0.477466,0.0,2.069017,11.459173,0.31831,637.257336,1546.510873,1622.587048,498.314865,0.0,2.705638,0.0,732.591288,5.092966,6.525362,0.795776,0.31831,1137.482063,0.31831,0.477466,76.712796,2.864793,18.621156,0.0,0.477466,0.0,13.52819,625.957318,76.553641,28.170467,278.839873,0.0,200.694681,0.795776
TCGA-TQ-A8XE,16858.325442,16993.00529,14393.010834,350.728769,1277.32612,957.124783,273.175624,8786.288783,23.344507,411.559167,114.141171,14.70255,7555.76391,42.873085,0.224466,0.3367,0.0,0.0,1.795731,3.928162,0.561166,502.355831,2681.139064,2813.68648,528.730635,0.0,1.346798,0.0,518.966346,0.785632,6.621759,0.673399,0.224466,1354.3181,0.0,0.448933,53.310773,3.815929,9.203123,0.0,0.673399,0.0,10.662155,372.053079,129.51712,32.996563,203.254336,0.0,69.360121,2.693597
TCGA-DB-A4XE,5894.77654,7929.488708,4495.921846,251.263699,624.905359,206.502889,228.089663,4158.469777,28.57073,155.869206,31.269077,27.618373,4544.174634,24.443847,0.317453,0.0,0.634905,0.0,0.793631,3.968157,0.158726,607.445469,1051.720323,1098.862028,272.691747,0.0,0.317453,0.0,448.243011,3.491978,2.698347,0.158726,0.158726,746.489689,0.634905,0.317453,41.903738,1.587263,17.142438,0.0,0.158726,0.0,6.666504,361.578463,22.539132,20.793143,399.514044,0.0,153.647038,0.793631
TCGA-P5-A72Z,15981.175853,23421.894961,5249.094154,314.936414,1042.476472,639.108499,338.718269,359.267639,31.170393,594.777274,129.761191,5.07962,116.369467,31.401285,0.0,0.0,0.0,0.0,1.385351,1.616243,0.461784,336.871134,734.697704,801.425434,1601.234625,0.0,0.0,0.0,85.891749,0.923567,8.542997,1.616243,0.692675,834.673853,4.386944,1.154459,18.240452,1.847134,16.855101,0.0,0.230892,0.0,7.388538,884.315589,164.164069,104.132201,82.890156,0.0,11.54459,0.692675
TCGA-DB-A64V,5766.395411,6933.027875,4183.065915,232.342873,750.084465,284.504519,181.075427,7814.410653,16.095594,124.29375,29.806655,136.961578,1371.404181,25.48469,0.298067,0.0,0.0,0.0,0.745166,7.600697,0.0,502.242131,1128.479946,1164.098898,879.296313,0.0,0.0,0.0,282.119986,0.745166,2.682599,0.0,2.235499,447.09982,0.745166,0.4471,9.389096,3.874865,17.73496,0.149033,0.0,0.149033,5.365198,529.51522,28.614388,5.961331,126.827316,0.0,103.429092,0.4471
TCGA-DU-A5TU,7430.848656,8668.106407,6830.094831,168.253667,779.50433,283.262502,156.08342,5090.814384,11.257479,375.299997,33.011795,48.985245,82644.649473,18.863883,0.304256,0.152128,0.304256,0.0,1.521281,4.715971,0.456384,410.441585,1205.310852,1242.12585,387.013859,0.0,3.346818,0.0,737.516977,1.977665,3.95533,0.304256,1.064897,494.112034,0.304256,0.304256,49.898013,2.738306,14.147912,0.0,0.0,0.152128,6.38938,481.181147,73.477867,23.12347,270.787999,0.0,256.792215,0.304256
TCGA-E1-A7YV,4885.256034,6423.631838,2296.380038,224.629249,632.211853,422.207402,454.611366,2824.688915,30.874573,420.295664,41.102373,32.117203,88744.038603,19.882078,0.764695,0.477935,0.382348,0.095587,0.382348,4.683759,0.095587,172.629968,943.920782,941.531109,972.310096,0.0,1.338217,9.271931,596.08,0.669108,6.49991,0.0,1.433804,196.622283,0.382348,0.477935,59.646235,1.529391,2.772021,0.0,0.382348,0.0,6.49991,194.901719,96.638371,100.175087,206.850083,0.0,413.317819,0.860282
TCGA-QH-A6CV,5556.581034,6664.646944,4821.091443,145.714346,844.528284,234.877909,312.511701,3743.881398,29.428368,345.673519,26.46357,9308.148946,26186.526002,12.957267,0.0,0.0,0.0,0.0,0.329422,1.317688,0.0,611.407292,696.837406,723.850012,955.653316,0.0,0.0,0.0,146.702612,1.207881,3.074606,0.0,0.658844,90.810674,0.658844,0.878459,10.651312,0.109807,7.466899,0.109807,0.0,0.0,6.149211,319.868793,34.150084,16.800524,82.135893,0.0,44.362167,0.658844
TCGA-HT-7607,11341.169385,16411.365919,9836.177151,474.370582,2562.426137,684.949871,407.958701,12782.224716,17.943583,252.860145,113.230196,172.629642,17431.675168,132.411267,1.443737,1.649985,1.237488,1.03124,2.887473,46.19957,0.824992,1143.026856,2941.716355,3140.539504,2230.985474,0.0,1.03124,0.206248,5135.783423,2.887473,17.324839,0.206248,0.206248,3364.31867,1.03124,1.237488,93.842876,34.649677,30.524716,0.0,0.0,0.0,30.937212,1719.490237,57.130718,24.131025,595.850701,0.0,1069.396291,8.249923
TCGA-HT-A61B,4685.721454,3636.619407,4577.031325,370.792567,421.606933,341.439309,249.918067,2589.87116,13.568959,401.115036,22.984155,15.092005,20331.146285,20.768814,0.0,0.415376,0.0,0.553835,0.415376,3.738387,0.415376,378.26934,1592.414232,1607.921614,391.561381,0.0,1.938423,0.138459,405.545717,0.0,4.707598,0.0,0.969211,220.149433,0.276918,0.415376,35.999278,2.769175,7.199856,0.0,0.0,0.0,8.861361,318.316696,44.168345,48.045191,77.952284,0.0,230.53384,0.276918
TCGA-S9-A6UB,10746.250698,16984.469974,3332.962793,237.883542,563.417488,249.639415,182.388907,5729.950662,9.335546,188.958366,39.070989,9.854187,165.965262,16.769407,0.0,0.17288,0.0,0.0,0.691522,4.149132,0.17288,280.585021,804.758639,867.687134,757.389387,0.0,0.17288,0.0,489.078881,0.17288,4.322012,0.0,0.345761,1039.184571,0.345761,0.345761,15.213482,1.210163,13.484678,0.0,0.0,0.0,3.803371,212.815872,61.718332,18.498211,76.758934,0.0,110.297747,0.345761
TCGA-S9-A6WL,16502.265278,14512.352175,4015.420425,319.507174,1134.811007,443.94681,214.6864,3110.430368,41.479879,235.146069,64.181704,314.462324,77918.270625,25.224251,1.401347,0.560539,1.401347,0.560539,0.280269,5.885658,0.0,417.321213,1340.809054,1398.264291,1276.066811,0.0,0.560539,0.0,1711.605538,0.0,2.242156,0.0,0.560539,1252.804446,0.0,0.560539,47.926076,8.968622,11.491047,0.0,0.0,0.0,9.809431,620.796834,52.970926,35.033681,937.501314,0.0,717.209525,0.840808
TCGA-DU-5871,13508.216168,17380.801531,8452.718278,389.631048,1570.818112,461.022067,310.691129,21728.104822,7.441058,389.631048,72.253751,185.487241,280.064166,45.832603,0.215683,0.0,0.75489,0.0,1.294097,7.009692,0.431366,753.919362,1836.108003,1902.646159,401.924969,0.0,3.990133,0.0,510.305596,0.215683,3.558767,3.77445,0.431366,1062.669345,1.078414,0.215683,29.979915,3.666608,9.813569,0.0,0.215683,0.0,15.637006,356.41589,26.421148,21.352601,298.289365,0.0,168.987504,2.911718
TCGA-FG-6691,12776.729958,13735.288704,9155.442124,261.98233,1580.000605,484.815603,458.221925,9077.144009,20.859725,353.824438,36.380942,17.696165,431.035079,41.71945,0.0,0.197723,0.0,0.0,2.866976,6.524843,0.098861,592.870957,1837.237595,1899.816771,589.608535,0.0,1.186335,0.0,300.043914,2.768115,5.041924,0.494306,0.494306,672.157684,0.692029,0.395445,19.277945,9.490681,11.962212,0.0,0.0,0.0,10.083848,524.458967,53.385079,28.076597,70.191492,0.0,72.36644,1.087474
TCGA-TQ-A7RO,7435.372962,6617.763134,3607.876889,193.101146,727.199338,215.881742,159.108225,3657.353496,12.992059,100.377001,29.543585,29.009665,3289.838413,29.721559,0.177973,0.355947,0.0,0.0,0.53392,5.161229,0.177973,295.613828,845.729626,892.714605,968.353303,0.0,0.355947,0.0,410.762621,0.177973,1.779734,0.177973,0.355947,1130.843023,0.53392,0.0,7.83083,7.83083,8.720697,0.0,0.177973,0.0,7.83083,355.056945,34.704814,12.280165,113.90298,0.177973,139.175204,0.355947
TCGA-QH-A6CY,6150.119364,10389.523201,4657.496933,349.995055,709.374646,340.851149,232.086786,5641.790348,13.475231,201.526888,56.668158,26.709832,19340.685836,56.427529,1.443775,0.721887,0.842202,0.240629,0.842202,19.0097,0.240629,424.590082,1196.648614,1212.770765,1001.979656,0.0,0.120315,0.0,2121.626951,0.240629,5.293841,0.120315,0.240629,1373.150073,0.240629,0.481258,59.074449,9.50485,14.558062,0.120315,0.842202,0.0,13.71586,633.576473,43.192927,11.670512,678.935062,0.0,596.519589,3.850066
TCGA-HT-8013,17841.373951,36244.941117,22753.130032,564.789405,1689.765877,438.638157,700.735371,23376.805754,17.937315,949.497608,143.734537,55.346057,7746.441892,98.419215,0.472035,0.354026,0.236017,0.0,4.956363,13.570995,1.062078,816.147832,3855.106618,4100.446604,462.357895,0.0,4.720346,0.0,1128.752749,0.826061,12.862943,0.472035,0.0,2172.657278,0.590043,0.944069,177.721029,10.266753,21.241557,0.0,0.354026,0.0,40.476967,1068.922363,116.238521,56.408135,351.429763,0.0,273.072019,3.304242
TCGA-DU-6397,14391.89789,23590.871584,9435.708582,272.864118,1327.26497,323.899814,328.11068,6692.582021,15.159118,333.247937,71.079418,340.490627,32070.545144,44.214093,0.168435,0.084217,0.252652,0.0,0.757956,6.063647,0.336869,416.370432,1130.280658,1216.01389,635.924987,0.084217,1.179042,0.0,347.649099,0.252652,1.347477,1.852781,0.168435,1063.075236,0.421087,0.336869,13.306337,9.263905,11.453556,0.0,0.0,0.0,6.737386,350.175618,38.824185,23.665067,137.863754,0.0,92.470618,0.084217
TCGA-S9-A6UA,7809.810183,12109.430003,5876.434759,376.091825,987.695257,502.137092,502.137092,17719.466386,30.65966,502.818418,78.352463,1421.699772,14487.029828,28.161465,2.498194,0.227109,2.952412,0.0,4.315063,1.362652,0.0,242.324865,1026.076608,1111.696547,817.590923,0.0,3.860846,0.0,3061.196681,3.860846,6.813258,0.0,1.816869,212.346531,0.454217,0.227109,16.351818,3.860846,12.490972,0.0,0.0,0.0,4.087955,770.579445,148.756126,92.887413,164.880836,0.0,1746.237946,0.227109
TCGA-QH-A6X8,12895.802879,16533.047569,4430.646678,349.741262,822.399422,444.46621,508.42166,9500.525659,15.948588,293.196268,75.071132,38.179954,53642.029266,38.502147,0.0,0.0,0.161097,0.161097,1.610969,6.12168,0.161097,326.382219,1361.429483,1351.924769,1131.544278,0.0,1.127678,0.0,341.203129,1.772065,5.960583,0.161097,0.322194,879.910997,0.805484,0.483291,57.672672,3.383034,14.176523,0.0,0.322194,0.0,12.565554,383.571601,62.827772,55.900607,145.470456,0.0,80.548425,0.644387
TCGA-DU-A7TA,6442.087861,11778.772553,4904.613845,465.426621,620.36957,127.325803,460.524876,9206.552222,22.237183,518.628482,33.475329,13.390131,7799.631987,28.693139,0.358664,0.119555,0.239109,0.0,0.956438,4.064861,0.239109,622.402001,2411.897419,2473.109448,810.700724,0.119555,2.151985,0.0,323.395584,0.0,6.575511,0.836883,0.358664,940.058957,0.478219,0.478219,47.224124,61.212029,12.314139,0.0,0.239109,0.0,10.281708,592.39376,88.350956,28.693139,67.907095,0.0,85.003423,2.032431
TCGA-HT-A617,5024.189074,5243.515897,4316.993806,286.943678,1763.387656,292.079135,329.739155,6683.797696,18.83001,121.539156,46.219116,535.371425,6887.932125,14.76444,0.0,0.427955,0.427955,0.213977,1.283864,2.567729,0.0,1686.783751,1009.117363,1055.336478,1280.226713,0.0,1.283864,0.0,437.797736,0.213977,1.283864,0.0,1.069887,493.003902,0.213977,0.0,3.209661,6.633299,22.253648,0.0,0.0,0.0,4.92148,412.334427,38.943885,6.633299,185.518396,0.0,118.115518,0.427955
TCGA-DU-7018,12623.180263,13170.81651,2613.233185,210.355584,519.035269,372.603531,126.793278,3027.486068,28.996384,169.760647,25.174133,106.495809,26538.413025,12.916571,0.263603,0.0,0.0,0.0,0.131802,2.24063,0.131802,246.864667,751.006339,783.56137,1669.796299,0.0,0.79081,0.0,258.726824,1.977026,6.326484,0.922612,0.0,399.227484,0.395405,0.0,20.956477,1.581621,6.326484,0.0,1.977026,0.0,7.117294,348.35201,87.252755,57.201957,66.428079,0.0,57.201957,1.449819
TCGA-P5-A5EV,8725.071184,9061.893156,5627.316987,224.726154,896.537469,388.05923,335.752938,4307.594896,19.089887,145.69402,28.634831,62.080314,5736.663862,24.740494,0.0,0.0,0.0,0.381798,1.298112,1.450831,0.07636,361.715185,922.652434,956.937872,638.365832,0.0,0.916315,0.0,52.611729,2.214427,3.894337,0.0,0.381798,585.906822,0.916315,0.610876,26.420404,0.992674,18.173573,0.0,0.07636,0.0,10.537618,364.845927,23.595101,5.268809,71.854336,0.0,14.890112,1.450831
TCGA-TM-A7C4,9149.449255,11801.259214,11806.424868,470.182124,1813.574994,419.386527,377.953678,7497.408564,13.667459,409.700926,122.469045,34.545311,9519.008745,145.714487,2.152356,1.076178,1.829502,0.0,3.551387,38.850022,0.107618,866.968915,2080.574731,2205.303749,849.857686,0.215236,0.96856,0.0,5413.928153,0.645707,6.995156,0.322853,0.322853,4590.221589,0.322853,0.645707,70.59727,52.409864,40.89476,0.0,0.215236,0.0,13.667459,1379.767683,45.845178,17.326464,1177.984327,0.0,1432.177547,5.273272
TCGA-HT-8564,5885.724031,23661.931743,3487.869302,329.398385,490.69867,220.707262,266.296944,11385.081046,18.915654,284.399817,63.914222,26171.728722,138833.365204,45.589682,0.517225,0.443336,2.142789,0.147779,1.182228,19.137322,0.665003,465.28076,1756.791385,1816.198361,1063.93166,0.0,0.369446,0.591114,3539.444016,1.03445,11.083391,0.221668,0.295557,875.809568,0.369446,0.369446,22.757896,41.230215,23.201232,0.0,1.921121,0.147779,18.102872,709.041476,45.81135,50.318596,677.564645,0.0,878.026246,1.03445
TCGA-RY-A847,14409.49421,21075.502732,10527.61476,280.299197,1856.849966,496.781848,245.746592,11494.558846,19.039191,288.055905,125.870206,35.962916,1630.495142,56.764995,0.352578,0.352578,0.705155,0.0,0.881444,12.692794,0.176289,334.772438,1367.11967,1470.601198,526.222078,0.0,0.528866,0.705155,2101.186247,0.176289,3.349487,0.0,0.352578,1959.450049,0.705155,0.176289,20.273212,13.574238,14.279393,0.0,0.0,0.0,10.048462,486.733386,48.303132,14.455682,393.476609,0.0,363.507513,0.352578
TCGA-FG-A713,11428.228069,11579.726561,7655.468137,668.3193,3365.567781,869.038822,342.309885,10921.635008,31.002856,319.93669,214.782673,37.07558,52.097583,137.754959,1.917702,1.598085,0.958851,0.0,4.474639,32.281324,0.319617,800.960385,1957.334956,2050.663142,1789.85561,0.0,1.278468,0.0,5817.669966,2.23732,9.908129,0.0,0.639234,3930.331149,0.0,0.319617,92.369334,52.4172,33.559793,0.0,0.319617,0.0,26.847834,1581.145661,84.378907,35.157878,2091.574127,0.0,1113.545883,8.310044
TCGA-DU-7012,27343.868141,31761.849333,21301.036136,337.533143,4708.209287,1066.690035,491.080672,22992.385438,18.999568,557.191414,83.947071,757.462371,46693.571089,56.223212,0.387746,0.0,0.193873,0.193873,3.489717,6.010067,0.0,935.244044,2918.760173,3082.58298,1087.046715,0.0,3.295843,0.193873,1012.987174,3.877463,9.693657,0.193873,0.775493,755.135893,0.193873,0.387746,14.152739,5.040702,12.795627,0.0,4.846829,0.0,20.744426,735.360833,85.498056,44.39695,348.971658,0.0,178.944911,1.938731
TCGA-FG-A6IZ,10859.978554,8658.686974,3556.016254,165.56351,405.203716,207.916966,149.492633,2035.309557,14.647934,115.67683,14.899042,22.59967,32287.897701,11.634645,0.083702,0.083702,0.083702,0.083702,0.0,2.427372,0.167405,208.670288,629.442666,646.685378,770.648754,0.0,0.33481,0.0,255.794786,0.083702,1.590347,0.167405,0.251107,422.362725,0.920727,0.33481,13.894612,1.00443,11.299835,0.0,0.0,0.0,3.013289,226.666322,28.961059,18.247141,58.926547,0.0,88.055011,0.33481
TCGA-FG-A4MW,5240.171839,10169.664759,3896.870822,728.162165,1241.904502,434.788252,420.998326,5213.132768,30.82454,303.919151,47.047982,621.087447,66819.221102,64.623378,1.081563,1.081563,0.540781,0.0,2.703907,19.19774,0.270391,1511.484034,2414.048203,2459.203451,3421.523965,0.0,1.081563,0.0,1616.125236,0.811172,10.274847,0.0,1.622344,694.633718,0.811172,0.540781,49.211108,4.867033,56.782048,0.0,0.0,0.270391,18.386568,1038.300302,89.228932,65.43455,413.697777,0.0,472.913341,2.163126
TCGA-DH-A66G,4892.564849,4007.696863,4113.120587,262.030469,847.378087,258.175125,176.149351,2783.824464,11.034261,116.989758,24.993266,61.28668,2355.748305,38.952272,0.9306,0.265886,0.132943,0.132943,1.861201,5.583602,0.0,488.299296,1053.306649,1114.1945,662.188618,0.0,2.260029,0.0,1039.081758,1.595315,2.260029,0.0,0.664715,571.122727,0.398829,0.531772,18.346121,4.785945,31.640412,0.0,0.132943,0.132943,6.647145,884.070329,40.414644,18.877893,365.858879,0.0,374.101339,0.664715
TCGA-DU-5855,18171.76849,28084.868224,23369.68044,269.821787,1272.753632,451.487907,264.86365,21424.900991,7.437205,497.896064,56.820244,75.066186,48325.964551,41.152533,0.099163,0.0,0.594976,0.0,1.586604,4.36316,0.198325,469.337198,1757.461053,2007.450294,435.820196,0.0,3.569858,0.0,376.917534,1.09079,3.768184,0.495814,0.198325,860.930817,0.0,0.396651,44.821554,3.669021,11.502877,0.0,0.297488,0.0,7.338042,440.778332,35.797745,16.758501,113.739651,0.0,124.449225,1.487441
TCGA-DU-A7TD,10124.058941,12094.82962,7521.317458,313.152121,2338.202501,1005.963908,776.020779,4997.311365,59.349783,1082.909857,61.735704,11603.926391,56203.946134,45.332497,0.89472,0.89472,0.0,0.0,5.964802,6.263042,0.0,618.251758,2626.898932,2660.600065,1988.068606,0.0,0.59648,0.0,1135.996598,0.59648,11.333124,0.0,1.789441,144.049975,1.491201,1.19296,22.368009,0.29824,15.806726,0.0,0.59648,0.29824,14.315526,523.709642,277.959787,150.014778,74.858269,0.0,685.057544,0.59648
TCGA-HT-7468,8193.07397,10141.435374,4051.697705,134.471663,443.405532,284.644001,138.535367,3004.370329,15.054177,170.029074,27.337646,27.152932,356.035894,19.025524,0.277071,0.092357,0.092357,0.0,0.831212,2.770707,0.184714,255.459217,1059.610845,1101.63324,918.674198,0.0,0.184714,0.0,443.682603,0.092357,5.171987,0.0,0.184714,457.443782,0.738855,0.184714,30.847208,0.369428,8.773907,0.0,0.092357,0.0,5.818485,373.029565,95.219976,51.4428,57.353642,0.0,123.019406,0.831212
